family,model,test_set,metric,class,P,R,mAP50_or_fp_images,mAP50-95_or_fp_detections
bbox,bbox,with_bg,box,all,0.8199338001537848,0.7793612828601143,0.8291595468328969,0.7381907309138818
bbox,bbox,with_bg,box,paper,0.8100024199070949,0.8433908045977011,0.9011280617212978,0.8652374439305122
bbox,bbox,with_bg,box,plastic,0.7112211260767931,0.606059363467813,0.6698251940626005,0.5480243696335707
bbox,bbox,with_bg,box,can,0.8030886328629177,0.8411053540587219,0.8865242765002558,0.8376229094028818
bbox,bbox,with_bg,box,glass,0.8193970522104799,0.6980012665064707,0.7630439647888541,0.6702464219916195
bbox,bbox,with_bg,box,battery,0.8949078327773823,0.835629607382465,0.8985600596026598,0.7624495821541093
bbox,bbox,with_bg,box,vinyl,0.7623278470280249,0.7654207962981314,0.8044165976218813,0.6927284646443836
bbox,bbox,with_bg,box,general,0.9385916902138013,0.8659217877094972,0.8806186735327289,0.791025924640095
bbox,bbox,no_bg,box,all,0.8204268934902575,0.7793612828601143,0.829645008544114,0.7385607934374973
bbox,bbox,no_bg,box,paper,0.8111216887302639,0.8433908045977011,0.9015383088856987,0.865601677932289
bbox,bbox,no_bg,box,plastic,0.7112211260767931,0.606059363467813,0.6707517904469441,0.5486651591564852
bbox,bbox,no_bg,box,can,0.8030886328629177,0.8411053540587219,0.8867049354528076,0.8377670774701077
bbox,bbox,no_bg,box,glass,0.8207695837475044,0.6980012665064707,0.7634509838043417,0.6705588295233931
bbox,bbox,no_bg,box,battery,0.8949078327773823,0.835629607382465,0.8986320073715189,0.7624825169805166
bbox,bbox,no_bg,box,vinyl,0.7632877000231398,0.7654207962981314,0.8051484545501848,0.6933384026474565
bbox,bbox,no_bg,box,general,0.9385916902138013,0.8659217877094972,0.8812885792973023,0.7915118903522332
bbox,bbox_nobg,with_bg,box,all,0.8570945269101318,0.8076512988107779,0.8557566647047261,0.777732582616084
bbox,bbox_nobg,with_bg,box,paper,0.8731224691550827,0.8503149571805318,0.9207976789790262,0.8965523309517494
bbox,bbox_nobg,with_bg,box,plastic,0.7730545082797754,0.6911942098914354,0.7173098970122764,0.6174315291348389
bbox,bbox_nobg,with_bg,box,can,0.8521970224376453,0.8773747841105354,0.9221166880499271,0.8838522415197732
bbox,bbox_nobg,with_bg,box,glass,0.8531718383529966,0.7207977207977208,0.78093759306711,0.6937014403866071
bbox,bbox_nobg,with_bg,box,battery,0.904706996407035,0.8426791277258567,0.9022197414520128,0.7654385890058537
bbox,bbox_nobg,with_bg,box,vinyl,0.7899683423115607,0.7978277146881733,0.8559377360358336,0.7671550668634446
bbox,bbox_nobg,with_bg,box,general,0.9534405114268274,0.8733705772811918,0.8909773183368962,0.8199968804503222
bbox,bbox_nobg,no_bg,box,all,0.8596179687732709,0.8104232900473803,0.8589746970527633,0.7802788750500038
bbox,bbox_nobg,no_bg,box,paper,0.8762747143228437,0.8547752469056674,0.9246577640452543,0.900034819504094
bbox,bbox_nobg,no_bg,box,plastic,0.7710816793543447,0.6936067551266586,0.7229018744694377,0.6216717066082909
bbox,bbox_nobg,no_bg,box,can,0.8513680319166451,0.8791018998272885,0.9233774828840416,0.885015745749999
bbox,bbox_nobg,no_bg,box,glass,0.8522040778919256,0.7228148488415349,0.7820739978749692,0.6945176504480192
bbox,bbox_nobg,no_bg,box,battery,0.9119358831750985,0.8426791277258567,0.9047896545742333,0.7668847748596013
bbox,bbox_nobg,no_bg,box,vinyl,0.8027238119322715,0.8066145746234644,0.8626686240494621,0.7728361215747972
bbox,bbox_nobg,no_bg,box,general,0.9517375828197667,0.8733705772811918,0.8923534814719445,0.8209913066052252
bbox,bbox,bg_only,fp_conf0.25,all,,,5,5
bbox,bbox,bg_only,fp_conf0.5,all,,,2,2
bbox,bbox_nobg,bg_only,fp_conf0.25,all,,,40,44
bbox,bbox_nobg,bg_only,fp_conf0.5,all,,,24,24
seg,seg,with_bg,box,all,0.8003747477475006,0.7758048320204217,0.822334088601041,0.7560874752451804
seg,seg,with_bg,box,general,0.9158878249298145,0.8226086956521739,0.8297068865310915,0.7570051211359118
seg,seg,with_bg,box,can,0.775686864658043,0.8187297610185044,0.8815911846288154,0.8429000396910273
seg,seg,with_bg,box,plastic,0.666902023568064,0.6187782805429864,0.6566119509289038,0.5562647451043948
seg,seg,with_bg,box,paper,0.8129672904496044,0.8168044077134986,0.8811557519717044,0.8490447866838003
seg,seg,with_bg,box,glass,0.8158719678449028,0.642023346303502,0.7422611455119654,0.6698260770612421
seg,seg,with_bg,box,vinyl,0.7517439356318402,0.7674418604651163,0.8116347107311397,0.7166077634648209
seg,seg,with_bg,box,battery,0.8635633271502348,0.9442474724471709,0.9533769899036668,0.9009637935750646
seg,seg,no_bg,box,all,0.8003747477475006,0.7758048320204217,0.8225043394288792,0.7562276133395774
seg,seg,no_bg,box,general,0.9158878249298145,0.8226086956521739,0.8300231761311976,0.7572388461852883
seg,seg,no_bg,box,can,0.775686864658043,0.8187297610185044,0.8817320122625758,0.843021802580466
seg,seg,no_bg,box,plastic,0.666902023568064,0.6187782805429864,0.6568590320972192,0.5564578560948206
seg,seg,no_bg,box,paper,0.8129672904496044,0.8168044077134986,0.8812425703054535,0.8491142765269141
seg,seg,no_bg,box,glass,0.8158719678449028,0.642023346303502,0.7424288908486224,0.6699715962305812
seg,seg,no_bg,box,vinyl,0.7517439356318402,0.7674418604651163,0.8118577522448359,0.7168180715939605
seg,seg,no_bg,box,battery,0.8635633271502348,0.9442474724471709,0.9533869421122505,0.9009708441650108
seg,seg,with_bg,mask,all,0.7993434716780564,0.7694134577570874,0.8144290326485942,0.6949675389239242
seg,seg,with_bg,mask,general,0.8930763909039627,0.8017391304347826,0.8047475313894212,0.6763025911846688
seg,seg,with_bg,mask,can,0.7789822191019627,0.8193146417445483,0.8813504565808021,0.7966136547364306
seg,seg,with_bg,mask,plastic,0.6703504300154796,0.6131221719457014,0.6505159342645235,0.46411733270708233
seg,seg,with_bg,mask,paper,0.811772361221728,0.8044077134986226,0.8710206144163756,0.8032863380145379
seg,seg,with_bg,mask,glass,0.8206223803913204,0.6407263294422828,0.7427576973592156,0.6200862042830287
seg,seg,with_bg,mask,vinyl,0.7501830743422038,0.7593023255813953,0.8037830226378391,0.6543179970199476
seg,seg,with_bg,mask,battery,0.8704174457697376,0.9472818916522784,0.9468279718919821,0.8500486545217731
seg,seg,no_bg,mask,all,0.7993434716780564,0.7694134577570874,0.814605976547205,0.6951072354235673
seg,seg,no_bg,mask,general,0.8930763909039627,0.8017391304347826,0.8050532882435442,0.676498856320072
seg,seg,no_bg,mask,can,0.7789822191019627,0.8193146417445483,0.881481101603427,0.7967270012524168
seg,seg,no_bg,mask,plastic,0.6703504300154796,0.6131221719457014,0.6507867996477219,0.4643878641677704
seg,seg,no_bg,mask,paper,0.811772361221728,0.8044077134986226,0.871108457316971,0.8033482433807352
seg,seg,no_bg,mask,glass,0.8206223803913204,0.6407263294422828,0.7429347440364454,0.6202219745061794
seg,seg,no_bg,mask,vinyl,0.7501830743422038,0.7593023255813953,0.8040370460640295,0.6545102249921841
seg,seg,no_bg,mask,battery,0.8704174457697376,0.9472818916522784,0.9468403989182967,0.8500564833456128
seg,seg,bg_only,fp_conf0.25,all,,,1,1
seg,seg,bg_only,fp_conf0.5,all,,,0,0
