file,split
bg_coco_000000509483.jpg,train
bg_coco_000000044831.jpg,train
bg_coco_000000411926.jpg,train
bg_coco_000000168076.jpg,train
bg_coco_000000393195.jpg,train
bg_coco_000000140092.jpg,train
bg_coco_000000367120.jpg,train
bg_coco_000000108123.jpg,train
bg_coco_000000113649.jpg,train
bg_coco_000000309568.jpg,train
bg_coco_000000263400.jpg,train
bg_coco_000000327000.jpg,train
bg_coco_000000132165.jpg,train
bg_coco_000000231604.jpg,train
bg_coco_000000390129.jpg,train
bg_coco_000000487962.jpg,train
bg_coco_000000535126.jpg,train
bg_coco_000000134479.jpg,train
bg_coco_000000116220.jpg,train
bg_coco_000000379965.jpg,train
bg_coco_000000299029.jpg,train
bg_coco_000000165883.jpg,train
bg_coco_000000319487.jpg,train
bg_coco_000000117937.jpg,train
bg_coco_000000004175.jpg,train
bg_coco_000000106525.jpg,train
bg_coco_000000496793.jpg,train
bg_coco_000000537543.jpg,train
bg_coco_000000449270.jpg,train
bg_coco_000000371608.jpg,train
bg_coco_000000411241.jpg,train
bg_coco_000000118406.jpg,train
bg_coco_000000216837.jpg,train
bg_coco_000000320987.jpg,train
bg_coco_000000519977.jpg,train
bg_coco_000000241851.jpg,train
bg_coco_000000407386.jpg,train
bg_coco_000000018816.jpg,train
bg_coco_000000473340.jpg,train
bg_coco_000000194528.jpg,train
bg_coco_000000459265.jpg,train
bg_coco_000000523753.jpg,train
bg_coco_000000287239.jpg,train
bg_coco_000000211823.jpg,train
bg_coco_000000371376.jpg,train
bg_coco_000000037343.jpg,train
bg_coco_000000055460.jpg,train
bg_coco_000000535125.jpg,train
bg_coco_000000206857.jpg,train
bg_coco_000000080041.jpg,train
bg_coco_000000140322.jpg,train
bg_coco_000000521355.jpg,train
bg_coco_000000088929.jpg,train
bg_coco_000000570738.jpg,train
bg_coco_000000087230.jpg,train
bg_coco_000000142744.jpg,train
bg_coco_000000183240.jpg,train
bg_coco_000000506342.jpg,train
bg_coco_000000234743.jpg,train
bg_coco_000000551358.jpg,train
bg_coco_000000177915.jpg,train
bg_coco_000000118542.jpg,train
bg_coco_000000468043.jpg,train
bg_coco_000000015073.jpg,train
bg_coco_000000464845.jpg,train
bg_coco_000000532976.jpg,train
bg_coco_000000448236.jpg,train
bg_coco_000000112622.jpg,train
bg_coco_000000228794.jpg,train
bg_coco_000000043712.jpg,train
bg_coco_000000219966.jpg,train
bg_coco_000000574717.jpg,train
bg_coco_000000380395.jpg,train
bg_coco_000000007150.jpg,train
bg_coco_000000416248.jpg,train
bg_coco_000000398882.jpg,train
bg_coco_000000068136.jpg,train
bg_coco_000000112989.jpg,train
bg_coco_000000359164.jpg,train
bg_coco_000000434394.jpg,train
bg_coco_000000140340.jpg,train
bg_coco_000000372374.jpg,train
bg_coco_000000213596.jpg,train
bg_coco_000000081143.jpg,train
bg_coco_000000160163.jpg,train
bg_coco_000000264110.jpg,train
bg_coco_000000111988.jpg,train
bg_coco_000000128607.jpg,train
bg_coco_000000447573.jpg,train
bg_coco_000000146162.jpg,train
bg_coco_000000082457.jpg,train
bg_coco_000000536603.jpg,train
bg_coco_000000104021.jpg,train
bg_coco_000000505286.jpg,train
bg_coco_000000485294.jpg,train
bg_coco_000000446209.jpg,train
bg_coco_000000405852.jpg,train
bg_coco_000000570848.jpg,train
bg_coco_000000259408.jpg,train
bg_coco_000000533218.jpg,train
bg_coco_000000469857.jpg,train
bg_coco_000000253430.jpg,train
bg_coco_000000383662.jpg,train
bg_coco_000000457654.jpg,train
bg_coco_000000035033.jpg,train
bg_coco_000000206107.jpg,train
bg_coco_000000155199.jpg,train
bg_coco_000000448286.jpg,train
bg_coco_000000016955.jpg,train
bg_coco_000000120246.jpg,train
bg_coco_000000162178.jpg,train
bg_coco_000000286692.jpg,train
bg_coco_000000351130.jpg,train
bg_coco_000000433023.jpg,train
bg_coco_000000277326.jpg,train
bg_coco_000000282069.jpg,train
bg_coco_000000220187.jpg,train
bg_coco_000000181438.jpg,train
bg_coco_000000546203.jpg,train
bg_coco_000000541690.jpg,train
bg_coco_000000540863.jpg,train
bg_coco_000000510781.jpg,train
bg_coco_000000388510.jpg,train
bg_coco_000000334034.jpg,train
bg_coco_000000242296.jpg,train
bg_coco_000000176500.jpg,train
bg_coco_000000307803.jpg,train
bg_coco_000000103122.jpg,train
bg_coco_000000070746.jpg,train
bg_coco_000000510254.jpg,train
bg_coco_000000484026.jpg,train
bg_coco_000000014180.jpg,train
bg_coco_000000118356.jpg,train
bg_coco_000000003483.jpg,train
bg_coco_000000024299.jpg,train
bg_coco_000000403577.jpg,train
bg_coco_000000210528.jpg,train
bg_coco_000000178798.jpg,train
bg_coco_000000242113.jpg,train
bg_coco_000000201151.jpg,train
bg_coco_000000492114.jpg,train
bg_coco_000000221725.jpg,train
bg_coco_000000474188.jpg,train
bg_coco_000000370121.jpg,train
bg_coco_000000460495.jpg,train
bg_coco_000000047746.jpg,train
bg_coco_000000183080.jpg,train
bg_coco_000000374376.jpg,train
bg_coco_000000368731.jpg,train
bg_coco_000000024776.jpg,train
bg_coco_000000171067.jpg,train
bg_coco_000000222791.jpg,train
bg_coco_000000075450.jpg,train
bg_coco_000000038616.jpg,train
bg_coco_000000519716.jpg,train
bg_coco_000000382973.jpg,train
bg_coco_000000208340.jpg,train
bg_coco_000000462224.jpg,train
bg_coco_000000072873.jpg,train
bg_coco_000000171809.jpg,train
bg_coco_000000361111.jpg,train
bg_coco_000000354575.jpg,train
bg_coco_000000452650.jpg,train
bg_coco_000000274232.jpg,train
bg_coco_000000502613.jpg,train
bg_coco_000000250113.jpg,train
bg_coco_000000066944.jpg,train
bg_coco_000000153561.jpg,train
bg_coco_000000467817.jpg,train
bg_coco_000000488154.jpg,train
bg_coco_000000185036.jpg,train
bg_coco_000000497320.jpg,train
bg_coco_000000339489.jpg,train
bg_coco_000000375484.jpg,train
bg_coco_000000408917.jpg,train
bg_coco_000000018839.jpg,train
bg_coco_000000366961.jpg,train
bg_coco_000000194758.jpg,train
bg_coco_000000342874.jpg,train
bg_coco_000000000564.jpg,train
bg_coco_000000256301.jpg,train
bg_coco_000000051028.jpg,train
bg_coco_000000323467.jpg,train
bg_coco_000000383026.jpg,train
bg_coco_000000158737.jpg,train
bg_coco_000000023420.jpg,train
bg_coco_000000332736.jpg,train
bg_coco_000000192277.jpg,train
bg_coco_000000224426.jpg,train
bg_coco_000000378331.jpg,train
bg_coco_000000542165.jpg,train
bg_coco_000000290645.jpg,train
bg_coco_000000199570.jpg,train
bg_coco_000000465267.jpg,train
bg_coco_000000034354.jpg,train
bg_coco_000000037140.jpg,train
bg_coco_000000426705.jpg,train
bg_coco_000000066862.jpg,train
bg_coco_000000509786.jpg,train
bg_coco_000000132752.jpg,train
bg_coco_000000303607.jpg,train
bg_coco_000000177837.jpg,train
bg_coco_000000250351.jpg,train
bg_coco_000000207215.jpg,train
bg_coco_000000558274.jpg,train
bg_coco_000000076329.jpg,train
bg_coco_000000113722.jpg,train
bg_coco_000000399165.jpg,train
bg_coco_000000321491.jpg,train
bg_coco_000000427842.jpg,train
bg_coco_000000308883.jpg,train
bg_coco_000000308674.jpg,train
bg_coco_000000373132.jpg,train
bg_coco_000000439596.jpg,train
bg_coco_000000169095.jpg,train
bg_coco_000000452767.jpg,train
bg_coco_000000324497.jpg,train
bg_coco_000000336541.jpg,train
bg_coco_000000578654.jpg,train
bg_coco_000000388316.jpg,train
bg_coco_000000556426.jpg,train
bg_coco_000000570022.jpg,train
bg_coco_000000394404.jpg,train
bg_coco_000000457146.jpg,train
bg_coco_000000035423.jpg,train
bg_coco_000000512582.jpg,train
bg_coco_000000316804.jpg,train
bg_coco_000000322201.jpg,train
bg_coco_000000113021.jpg,train
bg_coco_000000285890.jpg,train
bg_coco_000000461998.jpg,train
bg_coco_000000094021.jpg,train
bg_coco_000000325907.jpg,train
bg_coco_000000437231.jpg,train
bg_coco_000000202067.jpg,train
bg_coco_000000410531.jpg,train
bg_coco_000000388854.jpg,train
bg_coco_000000542048.jpg,train
bg_coco_000000070441.jpg,train
bg_coco_000000070321.jpg,train
bg_coco_000000202388.jpg,train
bg_coco_000000436002.jpg,train
bg_coco_000000512451.jpg,train
bg_coco_000000550093.jpg,train
bg_coco_000000435698.jpg,train
bg_coco_000000089223.jpg,train
bg_coco_000000311683.jpg,train
bg_coco_000000129068.jpg,train
bg_coco_000000054163.jpg,train
bg_coco_000000029444.jpg,train
bg_coco_000000294487.jpg,train
bg_coco_000000204407.jpg,train
bg_coco_000000565353.jpg,train
bg_coco_000000569529.jpg,train
bg_coco_000000212605.jpg,train
bg_coco_000000388255.jpg,train
bg_coco_000000003217.jpg,train
bg_coco_000000039399.jpg,train
bg_coco_000000383780.jpg,train
bg_coco_000000442531.jpg,train
bg_coco_000000437184.jpg,train
bg_coco_000000358120.jpg,train
bg_coco_000000401455.jpg,train
bg_coco_000000398489.jpg,train
bg_coco_000000098284.jpg,train
bg_coco_000000403521.jpg,train
bg_coco_000000218116.jpg,train
bg_coco_000000283408.jpg,train
bg_coco_000000454647.jpg,train
bg_coco_000000261189.jpg,train
bg_coco_000000110790.jpg,train
bg_coco_000000032949.jpg,train
bg_coco_000000435832.jpg,train
bg_coco_000000262561.jpg,train
bg_coco_000000133707.jpg,train
bg_coco_000000238448.jpg,train
bg_coco_000000313696.jpg,train
bg_coco_000000010216.jpg,train
bg_coco_000000401957.jpg,train
bg_coco_000000478016.jpg,train
bg_coco_000000459164.jpg,train
bg_coco_000000309852.jpg,train
bg_coco_000000422464.jpg,train
bg_coco_000000143348.jpg,train
bg_coco_000000297964.jpg,train
bg_coco_000000127256.jpg,train
bg_coco_000000462492.jpg,train
bg_coco_000000496093.jpg,train
bg_coco_000000099927.jpg,train
bg_coco_000000291417.jpg,train
bg_coco_000000164751.jpg,train
bg_coco_000000034074.jpg,train
bg_coco_000000321736.jpg,train
bg_coco_000000172901.jpg,train
bg_coco_000000130118.jpg,train
bg_coco_000000186685.jpg,train
bg_coco_000000320428.jpg,train
bg_coco_000000560819.jpg,train
bg_coco_000000085183.jpg,train
bg_coco_000000299259.jpg,train
bg_coco_000000105110.jpg,train
bg_coco_000000192529.jpg,train
bg_coco_000000149739.jpg,train
bg_coco_000000393909.jpg,train
bg_coco_000000448024.jpg,train
bg_coco_000000499225.jpg,train
bg_coco_000000124647.jpg,train
bg_coco_000000063797.jpg,train
bg_coco_000000385378.jpg,train
bg_coco_000000344881.jpg,train
bg_coco_000000221763.jpg,train
bg_coco_000000558128.jpg,train
bg_coco_000000214990.jpg,train
bg_coco_000000142051.jpg,train
bg_coco_000000430375.jpg,train
bg_coco_000000054868.jpg,train
bg_coco_000000574783.jpg,train
bg_coco_000000082053.jpg,train
bg_coco_000000223241.jpg,train
bg_coco_000000046760.jpg,train
bg_coco_000000563869.jpg,train
bg_coco_000000246312.jpg,train
bg_coco_000000372045.jpg,train
bg_coco_000000257196.jpg,train
bg_coco_000000457735.jpg,train
bg_coco_000000194346.jpg,train
bg_coco_000000181643.jpg,train
bg_coco_000000266889.jpg,train
bg_coco_000000333106.jpg,train
bg_coco_000000331250.jpg,train
bg_coco_000000074137.jpg,train
bg_coco_000000425774.jpg,train
bg_coco_000000340308.jpg,train
bg_coco_000000292123.jpg,train
bg_coco_000000254410.jpg,train
bg_coco_000000307322.jpg,train
bg_coco_000000027591.jpg,train
bg_coco_000000281650.jpg,train
bg_coco_000000433806.jpg,train
bg_coco_000000134085.jpg,train
bg_coco_000000100500.jpg,train
bg_coco_000000290705.jpg,train
bg_coco_000000515364.jpg,train
bg_coco_000000413497.jpg,train
bg_coco_000000055466.jpg,train
bg_coco_000000077481.jpg,train
bg_coco_000000333823.jpg,train
bg_coco_000000260953.jpg,train
bg_coco_000000067748.jpg,train
bg_coco_000000095383.jpg,train
bg_coco_000000405456.jpg,train
bg_coco_000000380140.jpg,train
bg_coco_000000306554.jpg,train
bg_coco_000000150347.jpg,train
bg_coco_000000460915.jpg,train
bg_coco_000000399294.jpg,train
bg_coco_000000407336.jpg,train
bg_coco_000000287033.jpg,train
bg_coco_000000054928.jpg,train
bg_coco_000000450747.jpg,train
bg_coco_000000201969.jpg,train
bg_coco_000000426118.jpg,train
bg_coco_000000359686.jpg,train
bg_coco_000000236596.jpg,train
bg_coco_000000379318.jpg,train
bg_coco_000000507390.jpg,train
bg_coco_000000150320.jpg,train
bg_coco_000000242779.jpg,train
bg_coco_000000280951.jpg,train
bg_coco_000000543980.jpg,train
bg_coco_000000121181.jpg,train
bg_coco_000000360045.jpg,train
bg_coco_000000494711.jpg,train
bg_coco_000000265114.jpg,train
bg_coco_000000357342.jpg,train
bg_coco_000000300357.jpg,train
bg_coco_000000579170.jpg,train
bg_coco_000000265895.jpg,train
bg_coco_000000081897.jpg,train
bg_coco_000000259464.jpg,train
bg_coco_000000512183.jpg,train
bg_coco_000000278309.jpg,train
bg_coco_000000130501.jpg,train
bg_coco_000000062896.jpg,train
bg_coco_000000032413.jpg,train
bg_coco_000000350930.jpg,train
bg_coco_000000324832.jpg,train
bg_coco_000000174679.jpg,train
bg_coco_000000550655.jpg,train
bg_coco_000000475881.jpg,train
bg_coco_000000396933.jpg,train
bg_coco_000000203778.jpg,train
bg_coco_000000448951.jpg,train
bg_coco_000000281220.jpg,train
bg_coco_000000215987.jpg,train
bg_coco_000000283432.jpg,train
bg_coco_000000561116.jpg,train
bg_coco_000000481810.jpg,train
bg_coco_000000121358.jpg,train
bg_coco_000000219760.jpg,train
bg_coco_000000504141.jpg,train
bg_coco_000000220171.jpg,train
bg_coco_000000048972.jpg,train
bg_coco_000000580540.jpg,train
bg_coco_000000336546.jpg,train
bg_coco_000000035979.jpg,train
bg_coco_000000046345.jpg,train
bg_coco_000000035438.jpg,train
bg_coco_000000337895.jpg,train
bg_coco_000000037479.jpg,train
bg_coco_000000552650.jpg,train
bg_coco_000000019450.jpg,train
bg_coco_000000577029.jpg,train
bg_coco_000000109169.jpg,train
bg_coco_000000082216.jpg,train
bg_coco_000000576212.jpg,train
bg_coco_000000317781.jpg,train
bg_coco_000000572254.jpg,train
bg_coco_000000503714.jpg,train
bg_coco_000000509933.jpg,train
bg_coco_000000027727.jpg,train
bg_coco_000000074743.jpg,train
bg_coco_000000540103.jpg,train
bg_coco_000000578683.jpg,train
bg_coco_000000345238.jpg,train
bg_coco_000000399011.jpg,train
bg_coco_000000359128.jpg,train
bg_coco_000000053514.jpg,train
bg_coco_000000167450.jpg,train
bg_coco_000000579466.jpg,train
bg_coco_000000548136.jpg,train
bg_coco_000000311465.jpg,train
bg_coco_000000022759.jpg,train
bg_coco_000000406061.jpg,train
bg_coco_000000092344.jpg,train
bg_coco_000000037944.jpg,train
bg_coco_000000410912.jpg,train
bg_coco_000000214266.jpg,train
bg_coco_000000118436.jpg,train
bg_coco_000000433392.jpg,train
bg_coco_000000386884.jpg,train
bg_coco_000000125886.jpg,train
bg_coco_000000023015.jpg,train
bg_coco_000000320899.jpg,train
bg_coco_000000307612.jpg,train
bg_coco_000000468867.jpg,train
bg_coco_000000432906.jpg,train
bg_coco_000000501982.jpg,train
bg_coco_000000076816.jpg,train
bg_coco_000000494335.jpg,train
bg_coco_000000014869.jpg,train
bg_coco_000000216480.jpg,train
bg_coco_000000020038.jpg,train
bg_coco_000000481911.jpg,train
bg_coco_000000553498.jpg,train
bg_coco_000000491131.jpg,train
bg_coco_000000468773.jpg,train
bg_coco_000000197307.jpg,train
bg_coco_000000236424.jpg,train
bg_coco_000000175912.jpg,train
bg_coco_000000265715.jpg,train
bg_coco_000000044127.jpg,train
bg_coco_000000409707.jpg,train
bg_coco_000000445853.jpg,train
bg_coco_000000538747.jpg,train
bg_coco_000000564756.jpg,train
bg_coco_000000474969.jpg,train
bg_coco_000000022890.jpg,train
bg_coco_000000572529.jpg,train
bg_coco_000000142891.jpg,train
bg_coco_000000037566.jpg,train
bg_coco_000000287422.jpg,train
bg_coco_000000532719.jpg,train
bg_coco_000000306855.jpg,train
bg_coco_000000539971.jpg,train
bg_coco_000000257976.jpg,train
bg_coco_000000356856.jpg,train
bg_coco_000000011696.jpg,train
bg_coco_000000371534.jpg,train
bg_coco_000000204542.jpg,train
bg_coco_000000454601.jpg,train
bg_coco_000000358465.jpg,train
bg_coco_000000364251.jpg,train
bg_coco_000000186112.jpg,train
bg_coco_000000197690.jpg,train
bg_coco_000000128963.jpg,train
bg_coco_000000150669.jpg,train
bg_coco_000000391603.jpg,train
bg_coco_000000094087.jpg,train
bg_coco_000000347548.jpg,train
bg_coco_000000297171.jpg,train
bg_coco_000000420681.jpg,train
bg_coco_000000047611.jpg,train
bg_coco_000000493365.jpg,train
bg_coco_000000192114.jpg,train
bg_coco_000000038546.jpg,train
bg_coco_000000499398.jpg,train
bg_coco_000000318778.jpg,train
bg_coco_000000248823.jpg,train
bg_coco_000000086108.jpg,train
bg_coco_000000499419.jpg,train
bg_coco_000000421447.jpg,train
bg_coco_000000545253.jpg,train
bg_coco_000000088117.jpg,train
bg_coco_000000515423.jpg,train
bg_coco_000000159856.jpg,train
bg_coco_000000319315.jpg,train
bg_coco_000000184139.jpg,train
bg_coco_000000437304.jpg,train
bg_coco_000000102370.jpg,train
bg_coco_000000241129.jpg,train
bg_coco_000000075055.jpg,train
bg_coco_000000573911.jpg,train
bg_coco_000000371890.jpg,train
bg_coco_000000506258.jpg,train
bg_coco_000000499903.jpg,train
bg_coco_000000246001.jpg,train
bg_coco_000000304760.jpg,train
bg_coco_000000187496.jpg,train
bg_coco_000000057794.jpg,train
bg_coco_000000257853.jpg,train
bg_coco_000000205850.jpg,train
bg_coco_000000182402.jpg,train
bg_coco_000000127573.jpg,train
bg_coco_000000561500.jpg,train
bg_coco_000000570709.jpg,train
bg_coco_000000083271.jpg,train
bg_coco_000000217925.jpg,train
bg_coco_000000350245.jpg,train
bg_coco_000000032664.jpg,train
bg_coco_000000178504.jpg,train
bg_coco_000000557254.jpg,train
bg_coco_000000369630.jpg,train
bg_coco_000000405657.jpg,train
bg_coco_000000078466.jpg,train
bg_coco_000000188815.jpg,train
bg_coco_000000261893.jpg,train
bg_coco_000000231812.jpg,train
bg_coco_000000440404.jpg,train
bg_coco_000000484938.jpg,train
bg_coco_000000411082.jpg,train
bg_coco_000000108836.jpg,train
bg_coco_000000405188.jpg,train
bg_coco_000000031024.jpg,train
bg_coco_000000284542.jpg,train
bg_coco_000000445605.jpg,train
bg_coco_000000540746.jpg,train
bg_coco_000000016361.jpg,train
bg_coco_000000406422.jpg,train
bg_coco_000000062175.jpg,train
bg_coco_000000516220.jpg,train
bg_coco_000000481565.jpg,train
bg_coco_000000127629.jpg,train
bg_coco_000000221505.jpg,train
bg_coco_000000462023.jpg,train
bg_coco_000000292047.jpg,train
bg_coco_000000413668.jpg,train
bg_coco_000000566046.jpg,train
bg_coco_000000420375.jpg,train
bg_coco_000000185209.jpg,train
bg_coco_000000558077.jpg,train
bg_coco_000000246014.jpg,train
bg_coco_000000176008.jpg,train
bg_coco_000000366740.jpg,train
bg_coco_000000346179.jpg,train
bg_coco_000000220922.jpg,train
bg_coco_000000400216.jpg,train
bg_coco_000000188865.jpg,train
bg_coco_000000042711.jpg,train
bg_coco_000000449379.jpg,train
bg_coco_000000039359.jpg,train
bg_coco_000000242427.jpg,train
bg_coco_000000175096.jpg,train
bg_coco_000000040842.jpg,train
bg_coco_000000317054.jpg,train
bg_coco_000000006428.jpg,train
bg_coco_000000142352.jpg,train
bg_coco_000000167574.jpg,train
bg_coco_000000514402.jpg,train
bg_coco_000000238757.jpg,train
bg_coco_000000279647.jpg,train
bg_coco_000000414501.jpg,train
bg_coco_000000286877.jpg,train
bg_coco_000000330391.jpg,train
bg_coco_000000478675.jpg,train
bg_coco_000000503411.jpg,train
bg_coco_000000115917.jpg,train
bg_coco_000000219063.jpg,train
bg_coco_000000233224.jpg,train
bg_coco_000000426052.jpg,train
bg_coco_000000551241.jpg,train
bg_coco_000000458568.jpg,train
bg_coco_000000366984.jpg,train
bg_coco_000000313675.jpg,train
bg_coco_000000432873.jpg,train
bg_coco_000000237515.jpg,train
bg_coco_000000388381.jpg,train
bg_coco_000000304819.jpg,train
bg_coco_000000549759.jpg,train
bg_coco_000000105881.jpg,train
bg_coco_000000400166.jpg,train
bg_coco_000000321642.jpg,train
bg_coco_000000193663.jpg,train
bg_coco_000000193074.jpg,train
bg_coco_000000566314.jpg,train
bg_coco_000000330868.jpg,train
bg_coco_000000308295.jpg,train
bg_coco_000000507384.jpg,train
bg_coco_000000310797.jpg,train
bg_coco_000000045721.jpg,train
bg_coco_000000082542.jpg,train
bg_coco_000000364493.jpg,train
bg_coco_000000378373.jpg,train
bg_coco_000000240637.jpg,train
bg_coco_000000357771.jpg,train
bg_coco_000000262576.jpg,train
bg_coco_000000399353.jpg,train
bg_coco_000000163560.jpg,train
bg_coco_000000074538.jpg,train
bg_coco_000000269863.jpg,train
bg_coco_000000503826.jpg,train
bg_coco_000000552235.jpg,train
bg_coco_000000103223.jpg,train
bg_coco_000000011635.jpg,train
bg_coco_000000281660.jpg,train
bg_coco_000000382741.jpg,train
bg_coco_000000115070.jpg,train
bg_coco_000000538196.jpg,train
bg_coco_000000552641.jpg,train
bg_coco_000000347390.jpg,train
bg_coco_000000018183.jpg,train
bg_coco_000000233706.jpg,train
bg_coco_000000415280.jpg,train
bg_coco_000000174787.jpg,train
bg_coco_000000526257.jpg,train
bg_coco_000000099372.jpg,train
bg_coco_000000301956.jpg,train
bg_coco_000000178081.jpg,train
bg_coco_000000039540.jpg,train
bg_coco_000000050972.jpg,train
bg_coco_000000267925.jpg,train
bg_coco_000000433975.jpg,train
bg_coco_000000411587.jpg,train
bg_coco_000000046905.jpg,train
bg_coco_000000089359.jpg,train
bg_coco_000000490869.jpg,train
bg_coco_000000216398.jpg,train
bg_coco_000000100311.jpg,train
bg_coco_000000115791.jpg,train
bg_coco_000000406074.jpg,train
bg_coco_000000479292.jpg,train
bg_coco_000000044476.jpg,train
bg_coco_000000004702.jpg,train
bg_coco_000000299782.jpg,train
bg_coco_000000329421.jpg,train
bg_coco_000000425742.jpg,train
bg_coco_000000123412.jpg,train
bg_coco_000000460496.jpg,train
bg_coco_000000215383.jpg,train
bg_coco_000000406798.jpg,train
bg_coco_000000455427.jpg,train
bg_coco_000000181572.jpg,train
bg_coco_000000165606.jpg,train
bg_coco_000000208688.jpg,train
bg_coco_000000476298.jpg,train
bg_coco_000000306335.jpg,train
bg_coco_000000313993.jpg,train
bg_coco_000000057387.jpg,train
bg_coco_000000094038.jpg,train
bg_coco_000000580363.jpg,train
bg_coco_000000212268.jpg,train
bg_coco_000000350988.jpg,train
bg_coco_000000217519.jpg,train
bg_coco_000000443522.jpg,train
bg_coco_000000434618.jpg,train
bg_coco_000000282691.jpg,train
bg_coco_000000152663.jpg,train
bg_coco_000000413839.jpg,train
bg_coco_000000340528.jpg,train
bg_coco_000000374133.jpg,train
bg_coco_000000465092.jpg,train
bg_coco_000000513274.jpg,train
bg_coco_000000303992.jpg,train
bg_coco_000000283790.jpg,train
bg_coco_000000008892.jpg,train
bg_coco_000000426418.jpg,train
bg_coco_000000283111.jpg,train
bg_coco_000000105877.jpg,train
bg_coco_000000373312.jpg,train
bg_coco_000000187432.jpg,train
bg_coco_000000220115.jpg,train
bg_coco_000000374796.jpg,train
bg_coco_000000552584.jpg,train
bg_coco_000000027519.jpg,train
bg_coco_000000241208.jpg,train
bg_coco_000000153520.jpg,train
bg_coco_000000149197.jpg,train
bg_coco_000000545919.jpg,train
bg_coco_000000083452.jpg,train
bg_coco_000000305687.jpg,train
bg_coco_000000083386.jpg,train
bg_coco_000000067969.jpg,train
bg_coco_000000300725.jpg,train
bg_coco_000000070749.jpg,train
bg_coco_000000030409.jpg,train
bg_coco_000000358724.jpg,train
bg_coco_000000228013.jpg,train
bg_coco_000000559277.jpg,train
bg_coco_000000191945.jpg,train
bg_coco_000000322503.jpg,train
bg_coco_000000052518.jpg,train
bg_coco_000000127235.jpg,train
bg_coco_000000368656.jpg,train
bg_coco_000000082174.jpg,train
bg_coco_000000560566.jpg,train
bg_coco_000000020925.jpg,train
bg_coco_000000278082.jpg,train
bg_coco_000000131665.jpg,train
bg_coco_000000197980.jpg,train
bg_coco_000000483028.jpg,train
bg_coco_000000133883.jpg,train
bg_coco_000000382731.jpg,train
bg_coco_000000508215.jpg,train
bg_coco_000000173640.jpg,train
bg_coco_000000335653.jpg,train
bg_coco_000000182403.jpg,train
bg_coco_000000315467.jpg,train
bg_coco_000000488964.jpg,train
bg_coco_000000109290.jpg,train
bg_coco_000000331282.jpg,train
bg_coco_000000515226.jpg,train
bg_coco_000000093948.jpg,train
bg_coco_000000044953.jpg,train
bg_coco_000000464386.jpg,train
bg_coco_000000186442.jpg,train
bg_coco_000000506515.jpg,train
bg_coco_000000223516.jpg,train
bg_coco_000000468792.jpg,train
bg_coco_000000392365.jpg,train
bg_coco_000000347542.jpg,train
bg_coco_000000189617.jpg,train
bg_coco_000000470472.jpg,train
bg_coco_000000281598.jpg,train
bg_coco_000000301671.jpg,train
bg_coco_000000441062.jpg,train
bg_coco_000000341874.jpg,train
bg_coco_000000116617.jpg,train
bg_coco_000000307686.jpg,train
bg_coco_000000105921.jpg,train
bg_coco_000000575194.jpg,train
bg_coco_000000538132.jpg,train
bg_coco_000000554618.jpg,train
bg_coco_000000532504.jpg,train
bg_coco_000000152954.jpg,train
bg_coco_000000452878.jpg,train
bg_coco_000000204690.jpg,train
bg_coco_000000365945.jpg,train
bg_coco_000000376342.jpg,train
bg_coco_000000564371.jpg,train
bg_coco_000000031090.jpg,train
bg_coco_000000269605.jpg,train
bg_coco_000000096828.jpg,train
bg_coco_000000079591.jpg,train
bg_coco_000000556491.jpg,train
bg_coco_000000134375.jpg,train
bg_coco_000000075212.jpg,train
bg_coco_000000556001.jpg,train
bg_coco_000000269045.jpg,train
bg_coco_000000196852.jpg,train
bg_coco_000000516508.jpg,train
bg_coco_000000400409.jpg,train
bg_coco_000000065816.jpg,train
bg_coco_000000279129.jpg,train
bg_coco_000000312694.jpg,train
bg_coco_000000527464.jpg,train
bg_coco_000000416610.jpg,train
bg_coco_000000126822.jpg,train
bg_coco_000000485422.jpg,train
bg_coco_000000343552.jpg,train
bg_coco_000000424192.jpg,train
bg_coco_000000503697.jpg,train
bg_coco_000000408235.jpg,train
bg_coco_000000290532.jpg,train
bg_coco_000000027626.jpg,train
bg_coco_000000118302.jpg,train
bg_coco_000000458092.jpg,train
bg_coco_000000130524.jpg,train
bg_coco_000000068898.jpg,train
bg_coco_000000313727.jpg,train
bg_coco_000000084866.jpg,train
bg_coco_000000411738.jpg,train
bg_coco_000000545293.jpg,train
bg_coco_000000169003.jpg,train
bg_coco_000000286234.jpg,train
bg_coco_000000341584.jpg,train
bg_coco_000000423455.jpg,train
bg_coco_000000082518.jpg,train
bg_coco_000000257167.jpg,train
bg_coco_000000567383.jpg,train
bg_coco_000000247475.jpg,train
bg_coco_000000571886.jpg,train
bg_coco_000000078107.jpg,train
bg_coco_000000243926.jpg,train
bg_coco_000000575719.jpg,train
bg_coco_000000147012.jpg,train
bg_coco_000000086738.jpg,train
bg_coco_000000171729.jpg,train
bg_coco_000000530863.jpg,train
bg_coco_000000319142.jpg,train
bg_coco_000000399687.jpg,train
bg_coco_000000066878.jpg,train
bg_coco_000000554587.jpg,train
bg_coco_000000262683.jpg,train
bg_coco_000000236222.jpg,train
bg_coco_000000064823.jpg,train
bg_coco_000000446626.jpg,train
bg_coco_000000110562.jpg,train
bg_coco_000000215949.jpg,train
bg_coco_000000072810.jpg,train
bg_coco_000000406326.jpg,train
bg_coco_000000354603.jpg,train
bg_coco_000000275502.jpg,train
bg_coco_000000240289.jpg,train
bg_coco_000000107436.jpg,train
bg_coco_000000088045.jpg,train
bg_coco_000000184209.jpg,train
bg_coco_000000372983.jpg,train
bg_coco_000000086869.jpg,train
bg_coco_000000474446.jpg,train
bg_coco_000000495592.jpg,train
bg_coco_000000178025.jpg,train
bg_coco_000000225617.jpg,train
bg_coco_000000020410.jpg,train
bg_coco_000000109851.jpg,train
bg_coco_000000193480.jpg,train
bg_coco_000000306466.jpg,train
bg_coco_000000541282.jpg,train
bg_coco_000000417573.jpg,train
bg_coco_000000037059.jpg,train
bg_coco_000000060792.jpg,train
bg_coco_000000200446.jpg,train
bg_coco_000000456178.jpg,train
bg_coco_000000283210.jpg,train
bg_coco_000000578580.jpg,train
bg_coco_000000024912.jpg,train
bg_coco_000000329528.jpg,train
bg_coco_000000330500.jpg,train
bg_coco_000000124751.jpg,train
bg_coco_000000488206.jpg,train
bg_coco_000000138401.jpg,train
bg_coco_000000004760.jpg,train
bg_coco_000000050414.jpg,train
bg_coco_000000172006.jpg,train
bg_coco_000000194419.jpg,train
bg_coco_000000271076.jpg,train
bg_coco_000000322710.jpg,train
bg_coco_000000349234.jpg,train
bg_coco_000000414516.jpg,train
bg_coco_000000116892.jpg,train
bg_coco_000000481370.jpg,train
bg_coco_000000128429.jpg,train
bg_coco_000000506085.jpg,train
bg_coco_000000544121.jpg,train
bg_coco_000000222711.jpg,train
bg_coco_000000171335.jpg,train
bg_coco_000000417055.jpg,train
bg_coco_000000142534.jpg,train
bg_coco_000000066376.jpg,train
bg_coco_000000236324.jpg,train
bg_coco_000000406555.jpg,train
bg_coco_000000049478.jpg,train
bg_coco_000000440136.jpg,train
bg_coco_000000399956.jpg,train
bg_coco_000000355620.jpg,train
bg_coco_000000325145.jpg,train
bg_coco_000000407202.jpg,train
bg_coco_000000388294.jpg,train
bg_coco_000000526227.jpg,train
bg_coco_000000273196.jpg,train
bg_coco_000000495996.jpg,train
bg_coco_000000405873.jpg,train
bg_coco_000000240082.jpg,train
bg_coco_000000419211.jpg,train
bg_coco_000000571076.jpg,train
bg_coco_000000403837.jpg,train
bg_coco_000000105280.jpg,train
bg_coco_000000012741.jpg,train
bg_coco_000000080082.jpg,train
bg_coco_000000175000.jpg,train
bg_coco_000000337160.jpg,train
bg_coco_000000361139.jpg,train
bg_coco_000000524286.jpg,train
bg_coco_000000391496.jpg,train
bg_coco_000000388566.jpg,train
bg_coco_000000314378.jpg,train
bg_coco_000000152299.jpg,train
bg_coco_000000477887.jpg,train
bg_coco_000000201032.jpg,train
bg_coco_000000470014.jpg,train
bg_coco_000000512940.jpg,train
bg_coco_000000441253.jpg,train
bg_coco_000000427118.jpg,train
bg_coco_000000556485.jpg,train
bg_coco_000000572508.jpg,train
bg_coco_000000104403.jpg,train
bg_coco_000000409323.jpg,train
bg_coco_000000001561.jpg,train
bg_coco_000000344844.jpg,train
bg_coco_000000043579.jpg,train
bg_coco_000000005326.jpg,train
bg_coco_000000441083.jpg,train
bg_coco_000000439141.jpg,train
bg_coco_000000544815.jpg,train
bg_coco_000000482310.jpg,train
bg_coco_000000021345.jpg,train
bg_coco_000000400536.jpg,train
bg_coco_000000471690.jpg,train
bg_coco_000000148301.jpg,train
bg_coco_000000307092.jpg,train
bg_coco_000000499958.jpg,train
bg_coco_000000549478.jpg,train
bg_coco_000000078188.jpg,train
bg_coco_000000553373.jpg,train
bg_coco_000000405660.jpg,train
bg_coco_000000228318.jpg,train
bg_coco_000000300413.jpg,train
bg_coco_000000082558.jpg,train
bg_coco_000000565951.jpg,train
bg_coco_000000042387.jpg,train
bg_coco_000000448518.jpg,train
bg_coco_000000075923.jpg,train
bg_coco_000000228043.jpg,train
bg_coco_000000581419.jpg,train
bg_coco_000000018450.jpg,train
bg_coco_000000267028.jpg,train
bg_coco_000000314023.jpg,train
bg_coco_000000353485.jpg,train
bg_coco_000000318785.jpg,train
bg_coco_000000043392.jpg,train
bg_coco_000000093852.jpg,train
bg_coco_000000581831.jpg,train
bg_coco_000000098233.jpg,train
bg_coco_000000076804.jpg,train
bg_coco_000000569866.jpg,train
bg_coco_000000233430.jpg,train
bg_coco_000000369167.jpg,train
bg_coco_000000493219.jpg,train
bg_coco_000000110613.jpg,train
bg_coco_000000558317.jpg,train
bg_coco_000000100449.jpg,train
bg_coco_000000526756.jpg,train
bg_coco_000000310058.jpg,train
bg_coco_000000198735.jpg,train
bg_coco_000000535259.jpg,train
bg_coco_000000020997.jpg,train
bg_coco_000000203248.jpg,train
bg_coco_000000363286.jpg,train
bg_coco_000000427548.jpg,train
bg_coco_000000434940.jpg,train
bg_coco_000000528257.jpg,train
bg_coco_000000445263.jpg,train
bg_coco_000000385770.jpg,train
bg_coco_000000191690.jpg,train
bg_coco_000000260111.jpg,train
bg_coco_000000397181.jpg,train
bg_coco_000000086409.jpg,train
bg_coco_000000459056.jpg,train
bg_coco_000000053532.jpg,train
bg_coco_000000186502.jpg,train
bg_coco_000000402271.jpg,train
bg_coco_000000020281.jpg,train
bg_coco_000000178771.jpg,train
bg_coco_000000198947.jpg,train
bg_coco_000000345142.jpg,train
bg_coco_000000157708.jpg,train
bg_coco_000000157944.jpg,train
bg_coco_000000564655.jpg,train
bg_coco_000000532799.jpg,train
bg_coco_000000050942.jpg,train
bg_coco_000000082678.jpg,train
bg_coco_000000572331.jpg,train
bg_coco_000000188156.jpg,train
bg_coco_000000469191.jpg,train
bg_coco_000000497097.jpg,train
bg_coco_000000204705.jpg,train
bg_coco_000000401608.jpg,train
bg_coco_000000042551.jpg,train
bg_coco_000000090365.jpg,train
bg_coco_000000497082.jpg,train
bg_coco_000000448580.jpg,train
bg_coco_000000067634.jpg,train
bg_coco_000000516913.jpg,train
bg_coco_000000500603.jpg,train
bg_coco_000000279935.jpg,train
bg_coco_000000456127.jpg,train
bg_coco_000000380733.jpg,train
bg_coco_000000236272.jpg,train
bg_coco_000000074183.jpg,train
bg_coco_000000051403.jpg,train
bg_coco_000000562834.jpg,train
bg_coco_000000411557.jpg,train
bg_coco_000000463876.jpg,train
bg_coco_000000363031.jpg,train
bg_coco_000000324924.jpg,train
bg_coco_000000159974.jpg,train
bg_coco_000000152483.jpg,train
bg_coco_000000523594.jpg,train
bg_coco_000000412377.jpg,train
bg_coco_000000423717.jpg,train
bg_coco_000000329667.jpg,train
bg_coco_000000027030.jpg,train
bg_coco_000000156156.jpg,train
bg_coco_000000310079.jpg,train
bg_coco_000000387000.jpg,train
bg_coco_000000196623.jpg,train
bg_coco_000000070190.jpg,train
bg_coco_000000151414.jpg,train
bg_coco_000000041577.jpg,train
bg_coco_000000081591.jpg,train
bg_coco_000000456788.jpg,train
bg_coco_000000338370.jpg,train
bg_coco_000000287324.jpg,train
bg_coco_000000549711.jpg,train
bg_coco_000000554886.jpg,train
bg_coco_000000476893.jpg,train
bg_coco_000000272007.jpg,train
bg_coco_000000426712.jpg,train
bg_coco_000000535202.jpg,train
bg_coco_000000308536.jpg,train
bg_coco_000000477233.jpg,train
bg_coco_000000203965.jpg,train
bg_coco_000000506429.jpg,train
bg_coco_000000565395.jpg,train
bg_coco_000000224224.jpg,train
bg_coco_000000036028.jpg,train
bg_coco_000000494066.jpg,train
bg_coco_000000364244.jpg,train
bg_coco_000000285740.jpg,train
bg_coco_000000392546.jpg,train
bg_coco_000000214671.jpg,train
bg_coco_000000345429.jpg,train
bg_coco_000000486606.jpg,train
bg_coco_000000002931.jpg,train
bg_coco_000000459643.jpg,train
bg_coco_000000050514.jpg,train
bg_coco_000000021404.jpg,train
bg_coco_000000496517.jpg,train
bg_coco_000000470112.jpg,train
bg_coco_000000145891.jpg,train
bg_coco_000000439926.jpg,train
bg_coco_000000423740.jpg,train
bg_coco_000000367434.jpg,train
bg_coco_000000574388.jpg,train
bg_coco_000000196775.jpg,train
bg_coco_000000300330.jpg,train
bg_coco_000000034824.jpg,train
bg_coco_000000561101.jpg,train
bg_coco_000000371672.jpg,train
bg_coco_000000195456.jpg,train
bg_coco_000000283471.jpg,train
bg_coco_000000025174.jpg,train
bg_coco_000000553547.jpg,train
bg_coco_000000546742.jpg,train
bg_coco_000000507326.jpg,train
bg_coco_000000453400.jpg,train
bg_coco_000000517047.jpg,train
bg_coco_000000384012.jpg,train
bg_coco_000000416596.jpg,train
bg_coco_000000409408.jpg,train
bg_coco_000000378657.jpg,train
bg_coco_000000396039.jpg,train
bg_coco_000000200494.jpg,train
bg_coco_000000423513.jpg,train
bg_coco_000000427251.jpg,train
bg_coco_000000037174.jpg,train
bg_coco_000000401085.jpg,train
bg_coco_000000512143.jpg,train
bg_coco_000000187709.jpg,train
bg_coco_000000207832.jpg,train
bg_coco_000000089792.jpg,train
bg_coco_000000133565.jpg,train
bg_coco_000000227402.jpg,train
bg_coco_000000032597.jpg,train
bg_coco_000000234603.jpg,train
bg_coco_000000478485.jpg,train
bg_coco_000000362690.jpg,train
bg_coco_000000351566.jpg,train
bg_coco_000000160014.jpg,train
bg_coco_000000256566.jpg,train
bg_coco_000000273576.jpg,train
bg_coco_000000371155.jpg,train
bg_coco_000000168948.jpg,train
bg_coco_000000180623.jpg,train
bg_coco_000000473888.jpg,train
bg_coco_000000228197.jpg,train
bg_coco_000000265971.jpg,train
bg_coco_000000522405.jpg,train
bg_coco_000000009274.jpg,train
bg_coco_000000563403.jpg,train
bg_coco_000000208585.jpg,train
bg_coco_000000253498.jpg,train
bg_coco_000000375568.jpg,train
bg_coco_000000435994.jpg,train
bg_coco_000000198661.jpg,train
bg_coco_000000289696.jpg,train
bg_coco_000000151159.jpg,train
bg_coco_000000186589.jpg,train
bg_coco_000000370522.jpg,train
bg_coco_000000373655.jpg,train
bg_coco_000000388601.jpg,train
bg_coco_000000281742.jpg,train
bg_coco_000000443649.jpg,train
bg_coco_000000004571.jpg,train
bg_coco_000000014412.jpg,train
bg_coco_000000032231.jpg,train
bg_coco_000000402786.jpg,train
bg_coco_000000346521.jpg,train
bg_coco_000000515612.jpg,train
bg_coco_000000473549.jpg,train
bg_coco_000000211113.jpg,train
bg_coco_000000540452.jpg,train
bg_coco_000000243218.jpg,train
bg_coco_000000350513.jpg,train
bg_coco_000000001815.jpg,train
bg_coco_000000256276.jpg,train
bg_coco_000000268051.jpg,train
bg_coco_000000036110.jpg,train
bg_coco_000000298501.jpg,train
bg_coco_000000170862.jpg,train
bg_coco_000000122118.jpg,train
bg_coco_000000539694.jpg,train
bg_coco_000000268227.jpg,train
bg_coco_000000351914.jpg,train
bg_coco_000000333634.jpg,train
bg_coco_000000564273.jpg,train
bg_coco_000000541613.jpg,train
bg_coco_000000121693.jpg,train
bg_coco_000000523292.jpg,train
bg_coco_000000462353.jpg,train
bg_coco_000000328065.jpg,train
bg_coco_000000132037.jpg,train
bg_coco_000000539180.jpg,train
bg_coco_000000136807.jpg,train
bg_coco_000000331191.jpg,train
bg_coco_000000102473.jpg,train
bg_coco_000000352511.jpg,train
bg_coco_000000385238.jpg,train
bg_coco_000000133573.jpg,train
bg_coco_000000112805.jpg,train
bg_coco_000000491623.jpg,train
bg_coco_000000201726.jpg,train
bg_coco_000000410033.jpg,train
bg_coco_000000431494.jpg,train
bg_coco_000000521663.jpg,train
bg_coco_000000310958.jpg,train
bg_coco_000000306822.jpg,train
bg_coco_000000397064.jpg,train
bg_coco_000000423389.jpg,train
bg_coco_000000412326.jpg,train
bg_coco_000000351403.jpg,train
bg_coco_000000272059.jpg,train
bg_coco_000000222260.jpg,train
bg_coco_000000176148.jpg,train
bg_coco_000000308197.jpg,train
bg_coco_000000028385.jpg,train
bg_coco_000000190670.jpg,train
bg_coco_000000264209.jpg,train
bg_coco_000000560683.jpg,train
bg_coco_000000011506.jpg,train
bg_coco_000000063558.jpg,train
bg_coco_000000144938.jpg,train
bg_coco_000000466967.jpg,train
bg_coco_000000372714.jpg,train
bg_coco_000000293276.jpg,train
bg_coco_000000411733.jpg,train
bg_coco_000000080566.jpg,train
bg_coco_000000153723.jpg,train
bg_coco_000000105364.jpg,train
bg_coco_000000170865.jpg,train
bg_coco_000000336493.jpg,train
bg_coco_000000248603.jpg,train
bg_coco_000000225261.jpg,train
bg_coco_000000529355.jpg,train
bg_coco_000000489949.jpg,train
bg_coco_000000403798.jpg,train
bg_coco_000000463669.jpg,train
bg_coco_000000129864.jpg,train
bg_coco_000000401112.jpg,train
bg_coco_000000321169.jpg,train
bg_coco_000000539355.jpg,train
bg_coco_000000572370.jpg,train
bg_coco_000000212976.jpg,train
bg_coco_000000193821.jpg,train
bg_coco_000000361751.jpg,train
bg_coco_000000052290.jpg,train
bg_coco_000000138054.jpg,train
bg_coco_000000151124.jpg,train
bg_coco_000000041397.jpg,train
bg_coco_000000206255.jpg,train
bg_coco_000000454478.jpg,train
bg_coco_000000265233.jpg,train
bg_coco_000000170925.jpg,train
bg_coco_000000244164.jpg,train
bg_coco_000000136008.jpg,train
bg_coco_000000319337.jpg,train
bg_coco_000000449841.jpg,train
bg_coco_000000390262.jpg,train
bg_coco_000000189153.jpg,train
bg_coco_000000422956.jpg,train
bg_coco_000000178572.jpg,train
bg_coco_000000163339.jpg,train
bg_coco_000000549942.jpg,train
bg_coco_000000343148.jpg,train
bg_coco_000000427344.jpg,train
bg_coco_000000052978.jpg,train
bg_coco_000000018888.jpg,train
bg_coco_000000218842.jpg,train
bg_coco_000000038896.jpg,train
bg_coco_000000162109.jpg,train
bg_coco_000000482894.jpg,train
bg_coco_000000342774.jpg,train
bg_coco_000000108762.jpg,train
bg_coco_000000091387.jpg,train
bg_coco_000000194194.jpg,train
bg_coco_000000008665.jpg,train
bg_coco_000000556341.jpg,train
bg_coco_000000152609.jpg,train
bg_coco_000000369669.jpg,train
bg_coco_000000426077.jpg,train
bg_coco_000000099184.jpg,train
bg_coco_000000025853.jpg,train
bg_coco_000000237897.jpg,train
bg_coco_000000518025.jpg,train
bg_coco_000000196608.jpg,train
bg_coco_000000380906.jpg,train
bg_coco_000000306395.jpg,train
bg_coco_000000453541.jpg,train
bg_coco_000000157063.jpg,train
bg_coco_000000558616.jpg,train
bg_coco_000000094340.jpg,train
bg_coco_000000374333.jpg,train
bg_coco_000000422804.jpg,train
bg_coco_000000274779.jpg,train
bg_coco_000000274035.jpg,train
bg_coco_000000299662.jpg,train
bg_coco_000000442277.jpg,train
bg_coco_000000485261.jpg,train
bg_coco_000000550690.jpg,train
bg_coco_000000166018.jpg,train
bg_coco_000000218494.jpg,train
bg_coco_000000357254.jpg,train
bg_coco_000000258191.jpg,train
bg_coco_000000477474.jpg,train
bg_coco_000000262396.jpg,train
bg_coco_000000550063.jpg,train
bg_coco_000000132373.jpg,train
bg_coco_000000231837.jpg,train
bg_coco_000000179770.jpg,train
bg_coco_000000172993.jpg,train
bg_coco_000000562778.jpg,train
bg_coco_000000156458.jpg,train
bg_coco_000000327088.jpg,train
bg_coco_000000294527.jpg,train
bg_coco_000000400534.jpg,train
bg_coco_000000560083.jpg,train
bg_coco_000000040910.jpg,train
bg_coco_000000018496.jpg,train
bg_coco_000000531313.jpg,train
bg_coco_000000568505.jpg,train
bg_coco_000000209513.jpg,train
bg_coco_000000129610.jpg,train
bg_coco_000000297415.jpg,train
bg_coco_000000328433.jpg,train
bg_coco_000000054427.jpg,train
bg_coco_000000065986.jpg,train
bg_coco_000000468876.jpg,train
bg_coco_000000002179.jpg,train
bg_coco_000000238712.jpg,train
bg_coco_000000327623.jpg,train
bg_coco_000000272490.jpg,train
bg_coco_000000326761.jpg,train
bg_coco_000000443725.jpg,train
bg_coco_000000563334.jpg,train
bg_coco_000000231148.jpg,train
bg_coco_000000148924.jpg,train
bg_coco_000000190580.jpg,train
bg_coco_000000427117.jpg,train
bg_coco_000000062652.jpg,train
bg_coco_000000414296.jpg,train
bg_coco_000000332417.jpg,train
bg_coco_000000493483.jpg,train
bg_coco_000000323862.jpg,train
bg_coco_000000457739.jpg,train
bg_coco_000000418557.jpg,train
bg_coco_000000092795.jpg,train
bg_coco_000000087518.jpg,train
bg_coco_000000281028.jpg,train
bg_coco_000000300388.jpg,train
bg_coco_000000267871.jpg,train
bg_coco_000000196998.jpg,train
bg_coco_000000009119.jpg,train
bg_coco_000000131522.jpg,train
bg_coco_000000261669.jpg,train
bg_coco_000000329258.jpg,train
bg_coco_000000058876.jpg,train
bg_coco_000000365578.jpg,train
bg_coco_000000403675.jpg,train
bg_coco_000000053949.jpg,train
bg_coco_000000223757.jpg,train
bg_coco_000000458178.jpg,train
bg_coco_000000281431.jpg,train
bg_coco_000000489470.jpg,train
bg_coco_000000434097.jpg,train
bg_coco_000000014824.jpg,train
bg_coco_000000379129.jpg,train
bg_coco_000000385168.jpg,train
bg_coco_000000330766.jpg,train
bg_coco_000000056892.jpg,train
bg_coco_000000012443.jpg,train
bg_coco_000000193340.jpg,train
bg_coco_000000036331.jpg,train
bg_coco_000000400313.jpg,train
bg_coco_000000285275.jpg,train
bg_coco_000000404266.jpg,train
bg_coco_000000035613.jpg,train
bg_coco_000000212292.jpg,train
bg_coco_000000010040.jpg,train
bg_coco_000000428214.jpg,train
bg_coco_000000167994.jpg,train
bg_coco_000000545409.jpg,train
bg_coco_000000020221.jpg,train
bg_coco_000000030068.jpg,train
bg_coco_000000396178.jpg,train
bg_coco_000000333532.jpg,train
bg_coco_000000440755.jpg,train
bg_coco_000000287782.jpg,train
bg_coco_000000325298.jpg,train
bg_coco_000000433805.jpg,train
bg_coco_000000272538.jpg,train
bg_coco_000000445249.jpg,train
bg_coco_000000324904.jpg,train
bg_coco_000000287188.jpg,train
bg_coco_000000008559.jpg,train
bg_coco_000000142249.jpg,train
bg_coco_000000369712.jpg,train
bg_coco_000000045396.jpg,train
bg_coco_000000505086.jpg,train
bg_coco_000000279159.jpg,train
bg_coco_000000024154.jpg,train
bg_coco_000000291260.jpg,train
bg_coco_000000452327.jpg,train
bg_coco_000000355088.jpg,train
bg_coco_000000277050.jpg,train
bg_coco_000000483059.jpg,train
bg_coco_000000069209.jpg,train
bg_coco_000000552594.jpg,train
bg_coco_000000187119.jpg,train
bg_coco_000000229387.jpg,train
bg_coco_000000124712.jpg,train
bg_coco_000000099970.jpg,train
bg_coco_000000479948.jpg,train
bg_coco_000000464871.jpg,train
bg_coco_000000563651.jpg,train
bg_coco_000000306619.jpg,train
bg_coco_000000020563.jpg,train
bg_coco_000000355908.jpg,train
bg_coco_000000561931.jpg,train
bg_coco_000000145015.jpg,train
bg_coco_000000406233.jpg,train
bg_coco_000000423349.jpg,train
bg_coco_000000020279.jpg,train
bg_coco_000000387693.jpg,train
bg_coco_000000316142.jpg,train
bg_coco_000000357391.jpg,train
bg_coco_000000385661.jpg,train
bg_coco_000000398682.jpg,train
bg_coco_000000018072.jpg,train
bg_coco_000000286480.jpg,train
bg_coco_000000424404.jpg,train
bg_coco_000000338164.jpg,train
bg_coco_000000485580.jpg,train
bg_coco_000000293315.jpg,train
bg_coco_000000570179.jpg,train
bg_coco_000000008791.jpg,train
bg_coco_000000365035.jpg,train
bg_coco_000000434968.jpg,train
bg_coco_000000580847.jpg,train
bg_coco_000000488746.jpg,train
bg_coco_000000479808.jpg,train
bg_coco_000000515214.jpg,train
bg_coco_000000467437.jpg,train
bg_coco_000000133667.jpg,train
bg_coco_000000186500.jpg,train
bg_coco_000000232886.jpg,train
bg_coco_000000471708.jpg,train
bg_coco_000000248957.jpg,train
bg_coco_000000177468.jpg,train
bg_coco_000000553640.jpg,train
bg_coco_000000439274.jpg,train
bg_coco_000000000761.jpg,train
bg_coco_000000137016.jpg,train
bg_coco_000000581018.jpg,train
bg_coco_000000420156.jpg,train
bg_coco_000000576612.jpg,train
bg_coco_000000021780.jpg,train
bg_coco_000000227337.jpg,train
bg_coco_000000194729.jpg,train
bg_coco_000000049573.jpg,train
bg_coco_000000273279.jpg,train
bg_coco_000000132725.jpg,train
bg_coco_000000059704.jpg,train
bg_coco_000000214109.jpg,train
bg_coco_000000188599.jpg,train
bg_coco_000000092032.jpg,train
bg_coco_000000431240.jpg,train
bg_coco_000000187822.jpg,train
bg_coco_000000270406.jpg,train
bg_coco_000000074583.jpg,train
bg_coco_000000507212.jpg,train
bg_coco_000000126832.jpg,train
bg_coco_000000012999.jpg,train
bg_coco_000000211047.jpg,train
bg_coco_000000442726.jpg,train
bg_coco_000000356746.jpg,train
bg_coco_000000391406.jpg,train
bg_coco_000000521205.jpg,train
bg_coco_000000014970.jpg,train
bg_coco_000000480180.jpg,train
bg_coco_000000225537.jpg,train
bg_coco_000000357220.jpg,train
bg_coco_000000375150.jpg,train
bg_coco_000000187795.jpg,train
bg_coco_000000212741.jpg,train
bg_coco_000000366484.jpg,train
bg_coco_000000099407.jpg,train
bg_coco_000000546300.jpg,train
bg_coco_000000309093.jpg,train
bg_coco_000000389935.jpg,train
bg_coco_000000569249.jpg,train
bg_coco_000000469902.jpg,train
bg_coco_000000066505.jpg,train
bg_coco_000000517394.jpg,train
bg_coco_000000581180.jpg,train
bg_coco_000000030973.jpg,train
bg_coco_000000239499.jpg,train
bg_coco_000000354424.jpg,train
bg_coco_000000395291.jpg,train
bg_coco_000000159971.jpg,train
bg_coco_000000309889.jpg,train
bg_coco_000000287374.jpg,train
bg_coco_000000286406.jpg,train
bg_coco_000000226825.jpg,train
bg_coco_000000469424.jpg,train
bg_coco_000000548725.jpg,train
bg_coco_000000018485.jpg,train
bg_coco_000000267402.jpg,train
bg_coco_000000471351.jpg,train
bg_coco_000000367452.jpg,train
bg_coco_000000049301.jpg,train
bg_coco_000000296913.jpg,train
bg_coco_000000437452.jpg,train
bg_coco_000000022326.jpg,train
bg_coco_000000313603.jpg,train
bg_coco_000000121943.jpg,train
bg_coco_000000488219.jpg,train
bg_coco_000000576895.jpg,train
bg_coco_000000243734.jpg,train
bg_coco_000000052232.jpg,train
bg_coco_000000561789.jpg,train
bg_coco_000000566536.jpg,train
bg_coco_000000108425.jpg,train
bg_coco_000000374017.jpg,train
bg_coco_000000046316.jpg,train
bg_coco_000000472643.jpg,train
bg_coco_000000297426.jpg,train
bg_coco_000000441240.jpg,train
bg_coco_000000126145.jpg,train
bg_coco_000000434580.jpg,train
bg_coco_000000560726.jpg,train
bg_coco_000000419618.jpg,train
bg_coco_000000340501.jpg,train
bg_coco_000000040583.jpg,train
bg_coco_000000296056.jpg,train
bg_coco_000000073720.jpg,train
bg_coco_000000026227.jpg,train
bg_coco_000000519723.jpg,train
bg_coco_000000312596.jpg,train
bg_coco_000000139915.jpg,train
bg_coco_000000329653.jpg,train
bg_coco_000000399091.jpg,train
bg_coco_000000353321.jpg,train
bg_coco_000000374342.jpg,train
bg_coco_000000501126.jpg,train
bg_coco_000000194030.jpg,train
bg_coco_000000165106.jpg,train
bg_coco_000000009172.jpg,train
bg_coco_000000346386.jpg,train
bg_coco_000000323288.jpg,train
bg_coco_000000429399.jpg,train
bg_coco_000000230721.jpg,train
bg_coco_000000046630.jpg,train
bg_coco_000000323030.jpg,train
bg_coco_000000143346.jpg,train
bg_coco_000000191363.jpg,train
bg_coco_000000238184.jpg,train
bg_coco_000000530658.jpg,train
bg_coco_000000287372.jpg,train
bg_coco_000000550118.jpg,train
bg_coco_000000281296.jpg,train
bg_coco_000000325487.jpg,train
bg_coco_000000265050.jpg,train
bg_coco_000000431164.jpg,train
bg_coco_000000159403.jpg,train
bg_coco_000000164957.jpg,train
bg_coco_000000470070.jpg,train
bg_coco_000000330435.jpg,train
bg_coco_000000004575.jpg,train
bg_coco_000000337517.jpg,train
bg_coco_000000010907.jpg,train
bg_coco_000000543681.jpg,train
bg_coco_000000553850.jpg,train
bg_coco_000000377777.jpg,train
bg_coco_000000251113.jpg,train
bg_coco_000000572795.jpg,train
bg_coco_000000436127.jpg,train
bg_coco_000000342639.jpg,train
bg_coco_000000106411.jpg,train
bg_coco_000000163602.jpg,train
bg_coco_000000526467.jpg,train
bg_coco_000000176833.jpg,train
bg_coco_000000024257.jpg,train
bg_coco_000000398037.jpg,train
bg_coco_000000062703.jpg,train
bg_coco_000000072453.jpg,train
bg_coco_000000036748.jpg,train
bg_coco_000000353787.jpg,train
bg_coco_000000485785.jpg,train
bg_coco_000000185291.jpg,train
bg_coco_000000293689.jpg,train
bg_coco_000000555534.jpg,train
bg_coco_000000429638.jpg,train
bg_coco_000000185079.jpg,train
bg_coco_000000234430.jpg,train
bg_coco_000000525300.jpg,train
bg_coco_000000173812.jpg,train
bg_coco_000000435134.jpg,train
bg_coco_000000108287.jpg,train
bg_coco_000000093176.jpg,train
bg_coco_000000233290.jpg,train
bg_coco_000000097311.jpg,train
bg_coco_000000302292.jpg,train
bg_coco_000000300620.jpg,train
bg_coco_000000487925.jpg,train
bg_coco_000000413955.jpg,train
bg_coco_000000288813.jpg,train
bg_coco_000000358695.jpg,train
bg_coco_000000142953.jpg,train
bg_coco_000000263714.jpg,train
bg_coco_000000075076.jpg,train
bg_coco_000000365352.jpg,train
bg_coco_000000058633.jpg,train
bg_coco_000000443240.jpg,train
bg_coco_000000147551.jpg,train
bg_coco_000000556983.jpg,train
bg_coco_000000088669.jpg,train
bg_coco_000000371999.jpg,train
bg_coco_000000254366.jpg,train
bg_coco_000000578324.jpg,train
bg_coco_000000171017.jpg,train
bg_coco_000000537291.jpg,train
bg_coco_000000340622.jpg,train
bg_coco_000000190957.jpg,train
bg_coco_000000146850.jpg,train
bg_coco_000000438691.jpg,train
bg_coco_000000229531.jpg,train
bg_coco_000000290024.jpg,train
bg_coco_000000511963.jpg,train
bg_coco_000000057481.jpg,train
bg_coco_000000210286.jpg,train
bg_coco_000000307342.jpg,train
bg_coco_000000002244.jpg,train
bg_coco_000000356922.jpg,train
bg_coco_000000496290.jpg,train
bg_coco_000000291245.jpg,train
bg_coco_000000073567.jpg,train
bg_coco_000000136790.jpg,train
bg_coco_000000127522.jpg,train
bg_coco_000000225893.jpg,train
bg_coco_000000216326.jpg,train
bg_coco_000000220139.jpg,train
bg_coco_000000101401.jpg,train
bg_coco_000000109928.jpg,train
bg_coco_000000344942.jpg,train
bg_coco_000000386527.jpg,train
bg_coco_000000005288.jpg,train
bg_coco_000000437816.jpg,train
bg_coco_000000522441.jpg,train
bg_coco_000000103940.jpg,train
bg_coco_000000393094.jpg,train
bg_coco_000000423039.jpg,train
bg_coco_000000371948.jpg,train
bg_coco_000000504194.jpg,train
bg_coco_000000221609.jpg,train
bg_coco_000000414870.jpg,train
bg_coco_000000206697.jpg,train
bg_coco_000000040455.jpg,train
bg_coco_000000580932.jpg,train
bg_coco_000000058105.jpg,train
bg_coco_000000266441.jpg,train
bg_coco_000000275529.jpg,train
bg_coco_000000530394.jpg,train
bg_coco_000000065209.jpg,train
bg_coco_000000217301.jpg,train
bg_coco_000000500559.jpg,train
bg_coco_000000578793.jpg,train
bg_coco_000000175494.jpg,train
bg_coco_000000224358.jpg,train
bg_coco_000000026359.jpg,train
bg_coco_000000072396.jpg,train
bg_coco_000000252272.jpg,train
bg_coco_000000326968.jpg,train
bg_coco_000000100895.jpg,train
bg_coco_000000315593.jpg,train
bg_coco_000000277172.jpg,train
bg_coco_000000278055.jpg,train
bg_coco_000000503310.jpg,train
bg_coco_000000333899.jpg,train
bg_coco_000000375500.jpg,train
bg_coco_000000136487.jpg,train
bg_coco_000000460222.jpg,train
bg_coco_000000391305.jpg,train
bg_coco_000000516346.jpg,train
bg_coco_000000231997.jpg,train
bg_coco_000000431696.jpg,train
bg_coco_000000319912.jpg,train
bg_coco_000000000510.jpg,train
bg_coco_000000065231.jpg,train
bg_coco_000000408185.jpg,train
bg_coco_000000575355.jpg,train
bg_coco_000000488500.jpg,train
bg_coco_000000318467.jpg,train
bg_coco_000000367977.jpg,train
bg_coco_000000129339.jpg,train
bg_coco_000000115721.jpg,train
bg_coco_000000340922.jpg,train
bg_coco_000000461802.jpg,train
bg_coco_000000148665.jpg,train
bg_coco_000000137961.jpg,train
bg_coco_000000445682.jpg,train
bg_coco_000000559090.jpg,train
bg_coco_000000333376.jpg,train
bg_coco_000000426421.jpg,train
bg_coco_000000003514.jpg,train
bg_coco_000000356174.jpg,train
bg_coco_000000131703.jpg,train
bg_coco_000000056262.jpg,train
bg_coco_000000500941.jpg,train
bg_coco_000000526904.jpg,train
bg_coco_000000282994.jpg,train
bg_coco_000000218290.jpg,train
bg_coco_000000297182.jpg,train
bg_coco_000000503097.jpg,train
bg_coco_000000239644.jpg,train
bg_coco_000000093191.jpg,train
bg_coco_000000326313.jpg,train
bg_coco_000000131572.jpg,train
bg_coco_000000231343.jpg,train
bg_coco_000000543747.jpg,train
bg_coco_000000516124.jpg,train
bg_coco_000000097895.jpg,train
bg_coco_000000159121.jpg,train
bg_coco_000000574221.jpg,train
bg_coco_000000452963.jpg,train
bg_coco_000000217071.jpg,train
bg_coco_000000310331.jpg,train
bg_coco_000000080066.jpg,train
bg_coco_000000310227.jpg,train
bg_coco_000000284605.jpg,train
bg_coco_000000113521.jpg,train
bg_coco_000000534637.jpg,train
bg_coco_000000290659.jpg,train
bg_coco_000000238124.jpg,train
bg_coco_000000487825.jpg,train
bg_coco_000000438531.jpg,train
bg_coco_000000467887.jpg,train
bg_coco_000000014108.jpg,train
bg_coco_000000574804.jpg,train
bg_coco_000000106850.jpg,train
bg_coco_000000008196.jpg,train
bg_coco_000000422583.jpg,train
bg_coco_000000438755.jpg,train
bg_coco_000000138567.jpg,train
bg_coco_000000494055.jpg,train
bg_coco_000000044545.jpg,train
bg_coco_000000297620.jpg,train
bg_coco_000000163660.jpg,train
bg_coco_000000369208.jpg,train
bg_coco_000000364400.jpg,train
bg_coco_000000353976.jpg,train
bg_coco_000000103017.jpg,train
bg_coco_000000225402.jpg,train
bg_coco_000000233005.jpg,train
bg_coco_000000407607.jpg,train
bg_coco_000000313811.jpg,train
bg_coco_000000014168.jpg,train
bg_coco_000000192153.jpg,train
bg_coco_000000559618.jpg,train
bg_coco_000000112867.jpg,train
bg_coco_000000217766.jpg,train
bg_coco_000000124893.jpg,train
bg_coco_000000005643.jpg,train
bg_coco_000000163185.jpg,train
bg_coco_000000201168.jpg,train
bg_coco_000000521560.jpg,train
bg_coco_000000536707.jpg,train
bg_coco_000000133990.jpg,train
bg_coco_000000168541.jpg,train
bg_coco_000000449037.jpg,train
bg_coco_000000354381.jpg,train
bg_coco_000000360447.jpg,train
bg_coco_000000457337.jpg,train
bg_coco_000000208479.jpg,train
bg_coco_000000399178.jpg,train
bg_coco_000000188236.jpg,train
bg_coco_000000565979.jpg,train
bg_coco_000000436814.jpg,train
bg_coco_000000492129.jpg,train
bg_coco_000000356869.jpg,train
bg_coco_000000033499.jpg,train
bg_coco_000000444199.jpg,train
bg_coco_000000014575.jpg,train
bg_coco_000000262118.jpg,train
bg_coco_000000009857.jpg,train
bg_coco_000000154607.jpg,train
bg_coco_000000350534.jpg,train
bg_coco_000000454730.jpg,train
bg_coco_000000326854.jpg,train
bg_coco_000000135278.jpg,train
bg_coco_000000099354.jpg,train
bg_coco_000000533941.jpg,train
bg_coco_000000246470.jpg,train
bg_coco_000000388865.jpg,train
bg_coco_000000054961.jpg,train
bg_coco_000000292435.jpg,train
bg_coco_000000187939.jpg,train
bg_coco_000000379226.jpg,train
bg_coco_000000534972.jpg,train
bg_coco_000000037707.jpg,train
bg_coco_000000425027.jpg,train
bg_coco_000000397045.jpg,train
bg_coco_000000028850.jpg,train
bg_coco_000000296205.jpg,train
bg_coco_000000460901.jpg,train
bg_coco_000000228426.jpg,train
bg_coco_000000283456.jpg,train
bg_coco_000000338207.jpg,train
bg_coco_000000445810.jpg,train
bg_coco_000000465225.jpg,train
bg_coco_000000065144.jpg,train
bg_coco_000000504142.jpg,train
bg_coco_000000440045.jpg,train
bg_coco_000000425944.jpg,train
bg_coco_000000067106.jpg,train
bg_coco_000000331298.jpg,train
bg_coco_000000334215.jpg,train
bg_coco_000000350810.jpg,train
bg_coco_000000091465.jpg,train
bg_coco_000000131638.jpg,train
bg_coco_000000510423.jpg,train
bg_coco_000000553304.jpg,train
bg_coco_000000407027.jpg,train
bg_coco_000000372861.jpg,train
bg_coco_000000462105.jpg,train
bg_coco_000000391139.jpg,train
bg_coco_000000276986.jpg,train
bg_coco_000000259760.jpg,train
bg_coco_000000050912.jpg,train
bg_coco_000000204759.jpg,train
bg_coco_000000533942.jpg,train
bg_coco_000000451824.jpg,train
bg_coco_000000161013.jpg,train
bg_coco_000000575005.jpg,train
bg_coco_000000045337.jpg,train
bg_coco_000000395469.jpg,train
bg_coco_000000016082.jpg,train
bg_coco_000000309580.jpg,train
bg_coco_000000190218.jpg,train
bg_coco_000000458166.jpg,train
bg_coco_000000284658.jpg,train
bg_coco_000000302323.jpg,train
bg_coco_000000530064.jpg,train
bg_coco_000000218099.jpg,train
bg_coco_000000218628.jpg,train
bg_coco_000000445464.jpg,train
bg_coco_000000455975.jpg,train
bg_coco_000000004057.jpg,train
bg_coco_000000494155.jpg,train
bg_coco_000000413600.jpg,train
bg_coco_000000363853.jpg,train
bg_coco_000000454217.jpg,train
bg_coco_000000299933.jpg,train
bg_coco_000000131531.jpg,train
bg_coco_000000458463.jpg,train
bg_coco_000000375021.jpg,train
bg_coco_000000485761.jpg,train
bg_coco_000000145214.jpg,train
bg_coco_000000504293.jpg,train
bg_coco_000000179441.jpg,train
bg_coco_000000185258.jpg,train
bg_coco_000000082776.jpg,train
bg_coco_000000567145.jpg,train
bg_coco_000000174869.jpg,train
bg_coco_000000277956.jpg,train
bg_coco_000000137964.jpg,train
bg_coco_000000022962.jpg,train
bg_coco_000000331747.jpg,train
bg_coco_000000412443.jpg,train
bg_coco_000000561658.jpg,train
bg_coco_000000450270.jpg,train
bg_coco_000000392201.jpg,train
bg_coco_000000369045.jpg,train
bg_coco_000000018211.jpg,train
bg_coco_000000491508.jpg,train
bg_coco_000000538925.jpg,train
bg_coco_000000459328.jpg,train
bg_coco_000000262605.jpg,train
bg_coco_000000200986.jpg,train
bg_coco_000000008688.jpg,train
bg_coco_000000371927.jpg,train
bg_coco_000000055298.jpg,train
bg_coco_000000263685.jpg,train
bg_coco_000000301256.jpg,train
bg_coco_000000021991.jpg,train
bg_coco_000000506943.jpg,train
bg_coco_000000234457.jpg,train
bg_coco_000000144163.jpg,train
bg_coco_000000442874.jpg,train
bg_coco_000000121393.jpg,train
bg_coco_000000062311.jpg,train
bg_coco_000000538175.jpg,train
bg_coco_000000137288.jpg,train
bg_coco_000000101697.jpg,train
bg_coco_000000087285.jpg,train
bg_coco_000000275325.jpg,train
bg_coco_000000276381.jpg,train
bg_coco_000000299417.jpg,train
bg_coco_000000473616.jpg,train
bg_coco_000000555577.jpg,train
bg_coco_000000349809.jpg,train
bg_coco_000000136992.jpg,train
bg_coco_000000395210.jpg,train
bg_coco_000000306584.jpg,train
bg_coco_000000299647.jpg,train
bg_coco_000000527096.jpg,train
bg_coco_000000014938.jpg,train
bg_coco_000000080698.jpg,train
bg_coco_000000022268.jpg,train
bg_coco_000000495969.jpg,train
bg_coco_000000114225.jpg,train
bg_coco_000000319043.jpg,train
bg_coco_000000542651.jpg,train
bg_coco_000000546702.jpg,train
bg_coco_000000073835.jpg,train
bg_coco_000000505492.jpg,train
bg_coco_000000167581.jpg,train
bg_coco_000000248014.jpg,train
bg_coco_000000378466.jpg,train
bg_coco_000000101588.jpg,train
bg_coco_000000519588.jpg,train
bg_coco_000000342211.jpg,train
bg_coco_000000536514.jpg,train
bg_coco_000000126020.jpg,train
bg_coco_000000222871.jpg,train
bg_coco_000000196286.jpg,train
bg_coco_000000403774.jpg,train
bg_coco_000000327805.jpg,train
bg_coco_000000203236.jpg,train
bg_coco_000000356402.jpg,train
bg_coco_000000276527.jpg,train
bg_coco_000000421433.jpg,train
bg_coco_000000272487.jpg,train
bg_coco_000000227289.jpg,train
bg_coco_000000394766.jpg,train
bg_coco_000000004820.jpg,train
bg_coco_000000515020.jpg,train
bg_coco_000000187728.jpg,train
bg_coco_000000199835.jpg,train
bg_coco_000000145284.jpg,train
bg_coco_000000444799.jpg,train
bg_coco_000000216051.jpg,train
bg_coco_000000009460.jpg,train
bg_coco_000000445179.jpg,train
bg_coco_000000504991.jpg,train
bg_coco_000000039022.jpg,train
bg_coco_000000470386.jpg,train
bg_coco_000000361755.jpg,train
bg_coco_000000429290.jpg,train
bg_coco_000000262935.jpg,train
bg_coco_000000573483.jpg,train
bg_coco_000000241723.jpg,train
bg_coco_000000250164.jpg,train
bg_coco_000000142890.jpg,train
bg_coco_000000385743.jpg,train
bg_coco_000000309870.jpg,train
bg_coco_000000379399.jpg,train
bg_coco_000000475485.jpg,train
bg_coco_000000048256.jpg,train
bg_coco_000000388391.jpg,train
bg_coco_000000090349.jpg,train
bg_coco_000000493368.jpg,train
bg_coco_000000457572.jpg,train
bg_coco_000000475380.jpg,train
bg_coco_000000232420.jpg,train
bg_coco_000000203559.jpg,train
bg_coco_000000314026.jpg,train
bg_coco_000000367848.jpg,train
bg_coco_000000318185.jpg,train
bg_coco_000000079949.jpg,train
bg_coco_000000311370.jpg,train
bg_coco_000000049733.jpg,train
bg_coco_000000467157.jpg,train
bg_coco_000000209903.jpg,train
bg_coco_000000067122.jpg,train
bg_coco_000000057460.jpg,train
bg_coco_000000491983.jpg,train
bg_coco_000000355183.jpg,train
bg_coco_000000047295.jpg,train
bg_coco_000000489829.jpg,train
bg_coco_000000009199.jpg,train
bg_coco_000000264888.jpg,train
bg_coco_000000576191.jpg,train
bg_coco_000000150599.jpg,train
bg_coco_000000506740.jpg,train
bg_coco_000000206701.jpg,train
bg_coco_000000225607.jpg,train
bg_coco_000000436468.jpg,train
bg_coco_000000580681.jpg,train
bg_coco_000000050602.jpg,train
bg_coco_000000461389.jpg,train
bg_coco_000000447146.jpg,train
bg_coco_000000112212.jpg,train
bg_coco_000000536619.jpg,train
bg_coco_000000262752.jpg,train
bg_coco_000000480863.jpg,train
bg_coco_000000089835.jpg,train
bg_coco_000000480591.jpg,train
bg_coco_000000407688.jpg,train
bg_coco_000000122787.jpg,train
bg_coco_000000527257.jpg,train
bg_coco_000000469918.jpg,train
bg_coco_000000092776.jpg,train
bg_coco_000000362231.jpg,train
bg_coco_000000336448.jpg,train
bg_coco_000000304054.jpg,train
bg_coco_000000085446.jpg,train
bg_coco_000000472585.jpg,train
bg_coco_000000416778.jpg,train
bg_coco_000000222990.jpg,train
bg_coco_000000290689.jpg,train
bg_coco_000000295550.jpg,train
bg_coco_000000511977.jpg,train
bg_coco_000000505891.jpg,train
bg_coco_000000504955.jpg,train
bg_coco_000000230867.jpg,train
bg_coco_000000303047.jpg,train
bg_coco_000000044414.jpg,train
bg_coco_000000389743.jpg,train
bg_coco_000000268726.jpg,train
bg_coco_000000533511.jpg,train
bg_coco_000000045136.jpg,train
bg_coco_000000019176.jpg,train
bg_coco_000000347210.jpg,train
bg_coco_000000177842.jpg,train
bg_coco_000000212271.jpg,train
bg_coco_000000219454.jpg,train
bg_coco_000000304832.jpg,train
bg_coco_000000456009.jpg,train
bg_coco_000000276209.jpg,train
bg_coco_000000302383.jpg,train
bg_coco_000000356665.jpg,train
bg_coco_000000445175.jpg,train
bg_coco_000000568879.jpg,train
bg_coco_000000467961.jpg,train
bg_coco_000000171595.jpg,train
bg_coco_000000301429.jpg,train
bg_coco_000000066192.jpg,train
bg_coco_000000399006.jpg,train
bg_coco_000000293252.jpg,train
bg_coco_000000318644.jpg,train
bg_coco_000000254678.jpg,train
bg_coco_000000044437.jpg,train
bg_coco_000000006211.jpg,train
bg_coco_000000515820.jpg,train
bg_coco_000000106820.jpg,train
bg_coco_000000483695.jpg,train
bg_coco_000000264708.jpg,train
bg_coco_000000219920.jpg,train
bg_coco_000000190111.jpg,train
bg_coco_000000477435.jpg,train
bg_coco_000000485984.jpg,train
bg_coco_000000547509.jpg,train
bg_coco_000000489440.jpg,train
bg_coco_000000486014.jpg,train
bg_coco_000000292741.jpg,train
bg_coco_000000554541.jpg,train
bg_coco_000000320015.jpg,train
bg_coco_000000221470.jpg,train
bg_coco_000000251135.jpg,train
bg_coco_000000427113.jpg,train
bg_coco_000000361527.jpg,train
bg_coco_000000514887.jpg,train
bg_coco_000000039014.jpg,train
bg_coco_000000179088.jpg,train
bg_coco_000000127926.jpg,train
bg_coco_000000142557.jpg,train
bg_coco_000000468238.jpg,train
bg_coco_000000425151.jpg,train
bg_coco_000000511117.jpg,train
bg_coco_000000445371.jpg,train
bg_coco_000000046731.jpg,train
bg_coco_000000084295.jpg,train
bg_coco_000000200464.jpg,train
bg_coco_000000568117.jpg,train
bg_coco_000000069077.jpg,train
bg_coco_000000384587.jpg,train
bg_coco_000000015008.jpg,train
bg_coco_000000163575.jpg,train
bg_coco_000000503886.jpg,train
bg_coco_000000357432.jpg,train
bg_coco_000000308302.jpg,train
bg_coco_000000228185.jpg,train
bg_coco_000000519993.jpg,train
bg_coco_000000330881.jpg,train
bg_coco_000000028588.jpg,train
bg_coco_000000253125.jpg,train
bg_coco_000000182032.jpg,train
bg_coco_000000082327.jpg,train
bg_coco_000000369019.jpg,train
bg_coco_000000357272.jpg,train
bg_coco_000000171374.jpg,train
bg_coco_000000056624.jpg,train
bg_coco_000000311395.jpg,train
bg_coco_000000333758.jpg,train
bg_coco_000000036439.jpg,train
bg_coco_000000425917.jpg,train
bg_coco_000000434275.jpg,train
bg_coco_000000032289.jpg,train
bg_coco_000000090490.jpg,train
bg_coco_000000356702.jpg,train
bg_coco_000000369338.jpg,train
bg_coco_000000577821.jpg,train
bg_coco_000000333152.jpg,train
bg_coco_000000035435.jpg,train
bg_coco_000000355143.jpg,train
bg_coco_000000396294.jpg,train
bg_coco_000000486536.jpg,train
bg_coco_000000006527.jpg,train
bg_coco_000000053289.jpg,train
bg_coco_000000252214.jpg,train
bg_coco_000000464781.jpg,train
bg_coco_000000195861.jpg,train
bg_coco_000000285160.jpg,train
bg_coco_000000386637.jpg,train
bg_coco_000000408660.jpg,train
bg_coco_000000313428.jpg,train
bg_coco_000000529277.jpg,train
bg_coco_000000568508.jpg,train
bg_coco_000000205875.jpg,train
bg_coco_000000168084.jpg,train
bg_coco_000000153946.jpg,train
bg_coco_000000286478.jpg,train
bg_coco_000000173598.jpg,train
bg_coco_000000561864.jpg,train
bg_coco_000000303133.jpg,train
bg_coco_000000156466.jpg,train
bg_coco_000000033008.jpg,train
bg_coco_000000021915.jpg,train
bg_coco_000000464263.jpg,train
bg_coco_000000271820.jpg,train
bg_coco_000000366373.jpg,train
bg_coco_000000268739.jpg,train
bg_coco_000000265826.jpg,train
bg_coco_000000065356.jpg,train
bg_coco_000000078663.jpg,train
bg_coco_000000282659.jpg,train
bg_coco_000000158993.jpg,train
bg_coco_000000364941.jpg,train
bg_coco_000000499636.jpg,train
bg_coco_000000516726.jpg,train
bg_coco_000000182696.jpg,train
bg_coco_000000344945.jpg,train
bg_coco_000000046686.jpg,train
bg_coco_000000110308.jpg,train
bg_coco_000000455257.jpg,train
bg_coco_000000497388.jpg,train
bg_coco_000000419711.jpg,train
bg_coco_000000288018.jpg,train
bg_coco_000000130518.jpg,train
bg_coco_000000038439.jpg,train
bg_coco_000000032779.jpg,train
bg_coco_000000492352.jpg,train
bg_coco_000000218114.jpg,train
bg_coco_000000281583.jpg,train
bg_coco_000000178178.jpg,train
bg_coco_000000516840.jpg,train
bg_coco_000000209419.jpg,train
bg_coco_000000391646.jpg,train
bg_coco_000000365507.jpg,train
bg_coco_000000347587.jpg,train
bg_coco_000000039016.jpg,train
bg_coco_000000491936.jpg,train
bg_coco_000000332722.jpg,train
bg_coco_000000291257.jpg,train
bg_coco_000000232275.jpg,train
bg_coco_000000407112.jpg,train
bg_coco_000000437416.jpg,train
bg_coco_000000243361.jpg,train
bg_coco_000000191667.jpg,train
bg_coco_000000138579.jpg,train
bg_coco_000000042404.jpg,train
bg_coco_000000299764.jpg,train
bg_coco_000000564015.jpg,train
bg_coco_000000539101.jpg,train
bg_coco_000000191949.jpg,train
bg_coco_000000024730.jpg,train
bg_coco_000000315339.jpg,train
bg_coco_000000036523.jpg,train
bg_coco_000000170024.jpg,train
bg_coco_000000356237.jpg,train
bg_coco_000000162892.jpg,train
bg_coco_000000496516.jpg,train
bg_coco_000000315860.jpg,train
bg_coco_000000393874.jpg,train
bg_coco_000000344936.jpg,train
bg_coco_000000315383.jpg,train
bg_coco_000000287741.jpg,train
bg_coco_000000358172.jpg,train
bg_coco_000000454296.jpg,train
bg_coco_000000172751.jpg,train
bg_coco_000000101414.jpg,train
bg_coco_000000263957.jpg,train
bg_coco_000000116181.jpg,train
bg_coco_000000359408.jpg,train
bg_coco_000000116352.jpg,train
bg_coco_000000352936.jpg,train
bg_coco_000000439322.jpg,train
bg_coco_000000535809.jpg,train
bg_coco_000000133831.jpg,train
bg_coco_000000475403.jpg,train
bg_coco_000000576518.jpg,train
bg_coco_000000482320.jpg,train
bg_coco_000000351463.jpg,train
bg_coco_000000426874.jpg,train
bg_coco_000000157480.jpg,train
bg_coco_000000544094.jpg,train
bg_coco_000000110437.jpg,train
bg_coco_000000186962.jpg,train
bg_coco_000000544234.jpg,train
bg_coco_000000221095.jpg,train
bg_coco_000000003084.jpg,train
bg_coco_000000502324.jpg,train
bg_coco_000000507180.jpg,train
bg_coco_000000297877.jpg,train
bg_coco_000000005154.jpg,train
bg_coco_000000320649.jpg,train
bg_coco_000000516404.jpg,train
bg_coco_000000048710.jpg,train
bg_coco_000000419255.jpg,train
bg_coco_000000008119.jpg,train
bg_coco_000000318219.jpg,train
bg_coco_000000540775.jpg,train
bg_coco_000000574845.jpg,train
bg_coco_000000020207.jpg,train
bg_coco_000000178192.jpg,train
bg_coco_000000038259.jpg,train
bg_coco_000000578572.jpg,train
bg_coco_000000111820.jpg,train
bg_coco_000000246016.jpg,train
bg_coco_000000358136.jpg,train
bg_coco_000000468313.jpg,train
bg_coco_000000394349.jpg,train
bg_coco_000000487810.jpg,train
bg_coco_000000400235.jpg,train
bg_coco_000000391371.jpg,train
bg_coco_000000462662.jpg,train
bg_coco_000000179570.jpg,train
bg_coco_000000459631.jpg,train
bg_coco_000000378428.jpg,train
bg_coco_000000291983.jpg,train
bg_coco_000000244768.jpg,train
bg_coco_000000109699.jpg,train
bg_coco_000000374033.jpg,train
bg_coco_000000325385.jpg,train
bg_coco_000000310670.jpg,train
bg_coco_000000092835.jpg,train
bg_coco_000000095257.jpg,train
bg_coco_000000126065.jpg,train
bg_coco_000000108582.jpg,train
bg_coco_000000441296.jpg,train
bg_coco_000000572243.jpg,train
bg_coco_000000238968.jpg,train
bg_coco_000000227878.jpg,train
bg_coco_000000326937.jpg,train
bg_coco_000000332407.jpg,train
bg_coco_000000469727.jpg,train
bg_coco_000000423201.jpg,train
bg_coco_000000174345.jpg,train
bg_coco_000000504813.jpg,train
bg_coco_000000105339.jpg,train
bg_coco_000000413702.jpg,train
bg_coco_000000231320.jpg,train
bg_coco_000000479903.jpg,train
bg_coco_000000334751.jpg,train
bg_coco_000000050099.jpg,train
bg_coco_000000130651.jpg,train
bg_coco_000000203986.jpg,train
bg_coco_000000422542.jpg,train
bg_coco_000000090659.jpg,train
bg_coco_000000282871.jpg,train
bg_coco_000000423990.jpg,train
bg_coco_000000252177.jpg,train
bg_coco_000000215612.jpg,train
bg_coco_000000573033.jpg,train
bg_coco_000000486545.jpg,train
bg_coco_000000065333.jpg,train
bg_coco_000000162598.jpg,train
bg_coco_000000231401.jpg,train
bg_coco_000000575902.jpg,train
bg_coco_000000458286.jpg,train
bg_coco_000000078457.jpg,train
bg_coco_000000443818.jpg,train
bg_coco_000000321346.jpg,train
bg_coco_000000418215.jpg,train
bg_coco_000000322992.jpg,train
bg_coco_000000493272.jpg,train
bg_coco_000000000078.jpg,train
bg_coco_000000483425.jpg,train
bg_coco_000000221040.jpg,train
bg_coco_000000093015.jpg,train
bg_coco_000000550478.jpg,train
bg_coco_000000228309.jpg,train
bg_coco_000000328144.jpg,train
bg_coco_000000432947.jpg,train
bg_coco_000000190994.jpg,train
bg_coco_000000502288.jpg,train
bg_coco_000000070562.jpg,train
bg_coco_000000376947.jpg,train
bg_coco_000000342479.jpg,train
bg_coco_000000459569.jpg,train
bg_coco_000000433928.jpg,train
bg_coco_000000546649.jpg,train
bg_coco_000000088789.jpg,train
bg_coco_000000244111.jpg,train
bg_coco_000000179951.jpg,train
bg_coco_000000005713.jpg,train
bg_coco_000000370400.jpg,train
bg_coco_000000360672.jpg,train
bg_coco_000000001085.jpg,train
bg_coco_000000241027.jpg,train
bg_coco_000000169273.jpg,train
bg_coco_000000387833.jpg,train
bg_coco_000000066253.jpg,train
bg_coco_000000370911.jpg,train
bg_coco_000000292697.jpg,train
bg_coco_000000570817.jpg,train
bg_coco_000000415991.jpg,train
bg_coco_000000282982.jpg,train
bg_coco_000000364738.jpg,train
bg_coco_000000203438.jpg,train
bg_coco_000000140671.jpg,train
bg_coco_000000350133.jpg,train
bg_coco_000000340539.jpg,train
bg_coco_000000498535.jpg,train
bg_coco_000000573181.jpg,train
bg_coco_000000358836.jpg,train
bg_coco_000000122953.jpg,train
bg_coco_000000087214.jpg,train
bg_coco_000000225721.jpg,train
bg_coco_000000082788.jpg,train
bg_coco_000000152309.jpg,train
bg_coco_000000069365.jpg,train
bg_coco_000000470021.jpg,train
bg_coco_000000481113.jpg,train
bg_coco_000000305056.jpg,train
bg_coco_000000169634.jpg,train
bg_coco_000000357010.jpg,train
bg_coco_000000267049.jpg,train
bg_coco_000000559657.jpg,train
bg_coco_000000006332.jpg,train
bg_coco_000000330770.jpg,train
bg_coco_000000308117.jpg,train
bg_coco_000000043264.jpg,train
bg_coco_000000422198.jpg,train
bg_coco_000000303408.jpg,train
bg_coco_000000358293.jpg,train
bg_coco_000000203452.jpg,train
bg_coco_000000557717.jpg,train
bg_coco_000000292101.jpg,train
bg_coco_000000243775.jpg,train
bg_coco_000000340573.jpg,train
bg_coco_000000111422.jpg,train
bg_coco_000000336735.jpg,train
bg_coco_000000436508.jpg,train
bg_coco_000000245757.jpg,train
bg_coco_000000338882.jpg,train
bg_coco_000000103274.jpg,train
bg_coco_000000053629.jpg,train
bg_coco_000000057750.jpg,train
bg_coco_000000498854.jpg,train
bg_coco_000000015394.jpg,train
bg_coco_000000103536.jpg,train
bg_coco_000000034826.jpg,train
bg_coco_000000338518.jpg,train
bg_coco_000000511070.jpg,train
bg_coco_000000510383.jpg,train
bg_coco_000000450175.jpg,train
bg_coco_000000193925.jpg,train
bg_coco_000000198437.jpg,train
bg_coco_000000405604.jpg,train
bg_coco_000000263727.jpg,train
bg_coco_000000183539.jpg,train
bg_coco_000000097696.jpg,train
bg_coco_000000577522.jpg,train
bg_coco_000000308145.jpg,train
bg_coco_000000125769.jpg,train
bg_coco_000000254927.jpg,train
bg_coco_000000423938.jpg,train
bg_coco_000000078986.jpg,train
bg_coco_000000534140.jpg,train
bg_coco_000000564330.jpg,train
bg_coco_000000272800.jpg,train
bg_coco_000000438060.jpg,train
bg_coco_000000467927.jpg,train
bg_coco_000000239492.jpg,train
bg_coco_000000378545.jpg,train
bg_coco_000000501846.jpg,train
bg_coco_000000298788.jpg,train
bg_coco_000000171753.jpg,train
bg_coco_000000021313.jpg,train
bg_coco_000000562150.jpg,train
bg_coco_000000212584.jpg,train
bg_coco_000000285417.jpg,train
bg_coco_000000580427.jpg,train
bg_coco_000000087216.jpg,train
bg_coco_000000365013.jpg,train
bg_coco_000000153466.jpg,train
bg_coco_000000111067.jpg,train
bg_coco_000000191444.jpg,train
bg_coco_000000018903.jpg,train
bg_coco_000000303387.jpg,train
bg_coco_000000511869.jpg,train
bg_coco_000000005617.jpg,train
bg_coco_000000094769.jpg,train
bg_coco_000000170584.jpg,train
bg_coco_000000521204.jpg,train
bg_coco_000000510757.jpg,train
bg_coco_000000112201.jpg,train
bg_coco_000000458119.jpg,train
bg_coco_000000300882.jpg,train
bg_coco_000000189550.jpg,train
bg_coco_000000008064.jpg,train
bg_coco_000000143845.jpg,train
bg_coco_000000287190.jpg,train
bg_coco_000000286368.jpg,train
bg_coco_000000022230.jpg,train
bg_coco_000000535325.jpg,train
bg_coco_000000467468.jpg,train
bg_coco_000000051277.jpg,train
bg_coco_000000290959.jpg,train
bg_coco_000000057930.jpg,train
bg_coco_000000206833.jpg,train
bg_coco_000000270706.jpg,train
bg_coco_000000397325.jpg,train
bg_coco_000000022403.jpg,train
bg_coco_000000336752.jpg,train
bg_coco_000000349237.jpg,train
bg_coco_000000359048.jpg,train
bg_coco_000000022838.jpg,train
bg_coco_000000125690.jpg,train
bg_coco_000000523536.jpg,train
bg_coco_000000076746.jpg,train
bg_coco_000000572125.jpg,train
bg_coco_000000336077.jpg,train
bg_coco_000000491250.jpg,train
bg_coco_000000065080.jpg,train
bg_coco_000000340547.jpg,train
bg_coco_000000448269.jpg,train
bg_coco_000000343739.jpg,train
bg_coco_000000114119.jpg,train
bg_coco_000000087811.jpg,train
bg_coco_000000252136.jpg,train
bg_coco_000000404159.jpg,train
bg_coco_000000338591.jpg,train
bg_coco_000000416322.jpg,train
bg_coco_000000518818.jpg,train
bg_coco_000000573753.jpg,train
bg_coco_000000188757.jpg,train
bg_coco_000000492254.jpg,train
bg_coco_000000453538.jpg,train
bg_coco_000000540645.jpg,train
bg_coco_000000413805.jpg,val
bg_coco_000000552966.jpg,val
bg_coco_000000210071.jpg,val
bg_coco_000000389622.jpg,val
bg_coco_000000029747.jpg,val
bg_coco_000000033044.jpg,val
bg_coco_000000055121.jpg,val
bg_coco_000000293372.jpg,val
bg_coco_000000366148.jpg,val
bg_coco_000000519153.jpg,val
bg_coco_000000305030.jpg,val
bg_coco_000000358176.jpg,val
bg_coco_000000318777.jpg,val
bg_coco_000000028420.jpg,val
bg_coco_000000155244.jpg,val
bg_coco_000000498091.jpg,val
bg_coco_000000093257.jpg,val
bg_coco_000000240267.jpg,val
bg_coco_000000314082.jpg,val
bg_coco_000000099453.jpg,val
bg_coco_000000242286.jpg,val
bg_coco_000000502582.jpg,val
bg_coco_000000281591.jpg,val
bg_coco_000000545363.jpg,val
bg_coco_000000044719.jpg,val
bg_coco_000000086001.jpg,val
bg_coco_000000392033.jpg,val
bg_coco_000000311996.jpg,val
bg_coco_000000160811.jpg,val
bg_coco_000000286698.jpg,val
bg_coco_000000435707.jpg,val
bg_coco_000000081401.jpg,val
bg_coco_000000269927.jpg,val
bg_coco_000000103877.jpg,val
bg_coco_000000024247.jpg,val
bg_coco_000000015355.jpg,val
bg_coco_000000471470.jpg,val
bg_coco_000000376315.jpg,val
bg_coco_000000549236.jpg,val
bg_coco_000000035265.jpg,val
bg_coco_000000368637.jpg,val
bg_coco_000000313812.jpg,val
bg_coco_000000373034.jpg,val
bg_coco_000000026630.jpg,val
bg_coco_000000332485.jpg,val
bg_coco_000000290967.jpg,val
bg_coco_000000120178.jpg,val
bg_coco_000000062398.jpg,val
bg_coco_000000393607.jpg,val
bg_coco_000000110501.jpg,val
bg_coco_000000479466.jpg,val
bg_coco_000000386475.jpg,val
bg_coco_000000026928.jpg,val
bg_coco_000000040711.jpg,val
bg_coco_000000279212.jpg,val
bg_coco_000000234535.jpg,val
bg_coco_000000195288.jpg,val
bg_coco_000000099794.jpg,val
bg_coco_000000130666.jpg,val
bg_coco_000000574277.jpg,val
bg_coco_000000312326.jpg,val
bg_coco_000000312662.jpg,val
bg_coco_000000330750.jpg,val
bg_coco_000000248319.jpg,val
bg_coco_000000215353.jpg,val
bg_coco_000000572467.jpg,val
bg_coco_000000047848.jpg,val
bg_coco_000000554711.jpg,val
bg_coco_000000209073.jpg,val
bg_coco_000000451842.jpg,val
bg_coco_000000404064.jpg,val
bg_coco_000000517947.jpg,val
bg_coco_000000149115.jpg,val
bg_coco_000000525622.jpg,val
bg_coco_000000015386.jpg,val
bg_coco_000000191842.jpg,val
bg_coco_000000463883.jpg,val
bg_coco_000000539584.jpg,val
bg_coco_000000386715.jpg,val
bg_coco_000000337338.jpg,val
bg_coco_000000473137.jpg,val
bg_coco_000000425839.jpg,val
bg_coco_000000237241.jpg,val
bg_coco_000000171062.jpg,val
bg_coco_000000344126.jpg,val
bg_coco_000000055780.jpg,val
bg_coco_000000474667.jpg,val
bg_coco_000000412178.jpg,val
bg_coco_000000069231.jpg,val
bg_coco_000000553761.jpg,val
bg_coco_000000024744.jpg,val
bg_coco_000000400525.jpg,val
bg_coco_000000422520.jpg,val
bg_coco_000000311309.jpg,val
bg_coco_000000402364.jpg,val
bg_coco_000000304937.jpg,val
bg_coco_000000369521.jpg,val
bg_coco_000000116881.jpg,val
bg_coco_000000128665.jpg,val
bg_coco_000000276854.jpg,val
bg_coco_000000497330.jpg,val
bg_coco_000000011485.jpg,val
bg_coco_000000246145.jpg,val
bg_coco_000000513881.jpg,val
bg_coco_000000558804.jpg,val
bg_coco_000000185826.jpg,val
bg_coco_000000485179.jpg,val
bg_coco_000000545334.jpg,val
bg_coco_000000411485.jpg,val
bg_coco_000000499930.jpg,val
bg_coco_000000048604.jpg,val
bg_coco_000000544253.jpg,val
bg_coco_000000240466.jpg,val
bg_coco_000000461595.jpg,val
bg_coco_000000309322.jpg,val
bg_coco_000000125100.jpg,val
bg_coco_000000477061.jpg,val
bg_coco_000000211436.jpg,val
bg_coco_000000490105.jpg,val
bg_coco_000000416810.jpg,val
bg_coco_000000026780.jpg,val
bg_coco_000000268102.jpg,val
bg_coco_000000265135.jpg,val
bg_coco_000000282946.jpg,val
bg_coco_000000007167.jpg,val
bg_coco_000000554138.jpg,val
bg_coco_000000482392.jpg,val
bg_coco_000000432008.jpg,val
bg_coco_000000168387.jpg,val
bg_coco_000000398962.jpg,val
bg_coco_000000398895.jpg,val
bg_coco_000000268518.jpg,val
bg_coco_000000396541.jpg,val
bg_coco_000000414189.jpg,val
bg_coco_000000341121.jpg,val
bg_coco_000000328858.jpg,val
bg_coco_000000445829.jpg,val
bg_coco_000000116370.jpg,val
bg_coco_000000390963.jpg,val
bg_coco_000000565042.jpg,val
bg_coco_000000081065.jpg,val
bg_coco_000000119297.jpg,val
bg_coco_000000434417.jpg,val
bg_coco_000000298300.jpg,val
bg_coco_000000308825.jpg,val
bg_coco_000000368044.jpg,val
bg_coco_000000164005.jpg,val
bg_coco_000000081056.jpg,val
bg_coco_000000554217.jpg,val
bg_coco_000000178430.jpg,val
bg_coco_000000512304.jpg,val
bg_coco_000000171435.jpg,val
bg_coco_000000515622.jpg,val
bg_coco_000000322870.jpg,val
bg_coco_000000398434.jpg,val
bg_coco_000000519055.jpg,val
bg_coco_000000168146.jpg,val
bg_coco_000000363079.jpg,val
bg_coco_000000418087.jpg,val
bg_coco_000000021198.jpg,val
bg_coco_000000527407.jpg,val
bg_coco_000000515204.jpg,val
bg_coco_000000544588.jpg,val
bg_coco_000000158031.jpg,val
bg_coco_000000349512.jpg,val
bg_coco_000000501242.jpg,val
bg_coco_000000462509.jpg,val
bg_coco_000000213799.jpg,val
bg_coco_000000181739.jpg,val
bg_coco_000000302595.jpg,val
bg_coco_000000063959.jpg,val
bg_coco_000000340941.jpg,val
bg_coco_000000178924.jpg,val
bg_coco_000000462426.jpg,val
bg_coco_000000391332.jpg,val
bg_coco_000000360307.jpg,val
bg_coco_000000237423.jpg,val
bg_coco_000000412734.jpg,val
bg_coco_000000441072.jpg,val
bg_coco_000000319644.jpg,val
bg_coco_000000075325.jpg,val
bg_coco_000000005917.jpg,val
bg_coco_000000564990.jpg,val
bg_coco_000000545812.jpg,val
bg_coco_000000182401.jpg,val
bg_coco_000000164103.jpg,val
bg_coco_000000065170.jpg,val
bg_coco_000000048126.jpg,val
bg_coco_000000066412.jpg,val
bg_coco_000000510593.jpg,val
bg_coco_000000446514.jpg,val
bg_coco_000000496499.jpg,val
bg_coco_000000132617.jpg,val
bg_coco_000000124924.jpg,val
bg_coco_000000280363.jpg,val
bg_coco_000000247508.jpg,val
bg_coco_000000028037.jpg,val
bg_coco_000000344154.jpg,val
bg_coco_000000398666.jpg,val
bg_coco_000000551031.jpg,val
bg_coco_000000549988.jpg,val
bg_coco_000000552685.jpg,val
bg_coco_000000284867.jpg,val
bg_coco_000000281502.jpg,val
bg_coco_000000379210.jpg,val
bg_coco_000000386189.jpg,val
bg_coco_000000444500.jpg,val
bg_coco_000000076762.jpg,val
bg_coco_000000082826.jpg,val
bg_coco_000000334491.jpg,val
bg_coco_000000245682.jpg,val
bg_coco_000000274537.jpg,val
bg_coco_000000326925.jpg,val
bg_coco_000000248031.jpg,val
bg_coco_000000051871.jpg,val
bg_coco_000000415464.jpg,val
bg_coco_000000145631.jpg,val
bg_coco_000000256154.jpg,val
bg_coco_000000035763.jpg,val
bg_coco_000000195716.jpg,val
bg_coco_000000383448.jpg,val
bg_coco_000000089109.jpg,val
bg_coco_000000239849.jpg,val
bg_coco_000000101675.jpg,val
bg_coco_000000522554.jpg,val
bg_coco_000000320432.jpg,val
bg_coco_000000297730.jpg,val
bg_coco_000000236824.jpg,val
bg_coco_000000580238.jpg,val
bg_coco_000000568155.jpg,val
bg_coco_000000131465.jpg,val
bg_coco_000000220751.jpg,val
bg_coco_000000030611.jpg,val
bg_coco_000000026829.jpg,val
bg_coco_000000549423.jpg,val
bg_coco_000000281631.jpg,val
bg_coco_000000072338.jpg,val
bg_coco_000000302193.jpg,val
bg_coco_000000281586.jpg,val
bg_coco_000000279083.jpg,val
bg_coco_000000221605.jpg,val
bg_coco_000000119192.jpg,val
bg_coco_000000109106.jpg,val
bg_coco_000000006432.jpg,val
bg_coco_000000568333.jpg,val
bg_coco_000000557107.jpg,val
bg_coco_000000307649.jpg,val
bg_coco_000000171735.jpg,val
bg_coco_000000144182.jpg,val
bg_coco_000000426842.jpg,val
bg_coco_000000306154.jpg,val
bg_coco_000000353206.jpg,val
bg_coco_000000505934.jpg,val
bg_coco_000000368603.jpg,val
bg_coco_000000509244.jpg,val
bg_coco_000000525100.jpg,val
bg_coco_000000481039.jpg,val
bg_coco_000000031462.jpg,val
bg_coco_000000529389.jpg,val
bg_coco_000000301697.jpg,val
bg_coco_000000263382.jpg,val
bg_coco_000000442824.jpg,val
bg_coco_000000212998.jpg,val
bg_coco_000000170960.jpg,val
bg_coco_000000030156.jpg,val
bg_coco_000000031634.jpg,val
bg_coco_000000014857.jpg,val
bg_coco_000000227656.jpg,val
bg_coco_000000123413.jpg,val
bg_coco_000000089174.jpg,val
bg_coco_000000286973.jpg,val
bg_coco_000000509913.jpg,val
bg_coco_000000534292.jpg,val
bg_coco_000000414078.jpg,val
bg_coco_000000104349.jpg,val
bg_coco_000000211108.jpg,val
bg_coco_000000089259.jpg,val
bg_coco_000000364420.jpg,val
bg_coco_000000224367.jpg,val
bg_coco_000000017896.jpg,val
bg_coco_000000062392.jpg,val
bg_coco_000000496730.jpg,val
bg_coco_000000321492.jpg,val
bg_coco_000000380455.jpg,val
bg_coco_000000077355.jpg,val
bg_coco_000000149150.jpg,val
bg_coco_000000228215.jpg,val
bg_coco_000000248017.jpg,val
bg_coco_000000164924.jpg,val
bg_coco_000000512436.jpg,val
bg_coco_000000481425.jpg,val
bg_coco_000000092017.jpg,val
bg_coco_000000157032.jpg,val
bg_coco_000000075266.jpg,val
bg_coco_000000484666.jpg,val
bg_coco_000000421077.jpg,val
bg_coco_000000001599.jpg,val
bg_coco_000000010094.jpg,val
bg_coco_000000177166.jpg,val
bg_coco_000000002664.jpg,val
bg_coco_000000575395.jpg,val
bg_coco_000000337255.jpg,val
bg_coco_000000325600.jpg,val
bg_coco_000000010560.jpg,val
bg_coco_000000102133.jpg,val
bg_coco_000000063835.jpg,val
bg_coco_000000501294.jpg,val
bg_coco_000000435210.jpg,val
bg_coco_000000154423.jpg,val
bg_coco_000000335589.jpg,val
bg_coco_000000036741.jpg,val
bg_coco_000000373400.jpg,val
bg_coco_000000261504.jpg,val
bg_coco_000000272235.jpg,val
bg_coco_000000395761.jpg,val
bg_coco_000000028826.jpg,val
bg_coco_000000000064.jpg,val
bg_coco_000000477758.jpg,val
bg_coco_000000445127.jpg,val
bg_coco_000000390052.jpg,val
bg_coco_000000419883.jpg,val
bg_coco_000000358976.jpg,val
bg_coco_000000126255.jpg,val
bg_coco_000000212893.jpg,val
bg_coco_000000046729.jpg,val
bg_coco_000000358658.jpg,val
bg_coco_000000131763.jpg,val
bg_coco_000000035211.jpg,val
bg_coco_000000524248.jpg,val
bg_coco_000000337844.jpg,val
bg_coco_000000571648.jpg,val
bg_coco_000000326073.jpg,val
bg_coco_000000023100.jpg,val
bg_coco_000000534377.jpg,val
bg_coco_000000449422.jpg,val
bg_coco_000000308963.jpg,val
bg_coco_000000359707.jpg,val
bg_coco_000000504027.jpg,val
bg_coco_000000184121.jpg,val
bg_coco_000000195677.jpg,val
bg_coco_000000128405.jpg,val
bg_coco_000000279479.jpg,val
bg_coco_000000158345.jpg,val
bg_coco_000000469924.jpg,val
bg_coco_000000000821.jpg,val
bg_coco_000000061693.jpg,val
bg_coco_000000514125.jpg,val
bg_coco_000000334244.jpg,val
bg_coco_000000314526.jpg,val
bg_coco_000000577312.jpg,val
bg_coco_000000103873.jpg,val
bg_coco_000000491525.jpg,val
bg_coco_000000501851.jpg,val
bg_coco_000000467769.jpg,val
bg_coco_000000296244.jpg,val
bg_coco_000000235722.jpg,val
bg_coco_000000483015.jpg,val
bg_coco_000000290753.jpg,val
bg_coco_000000386619.jpg,val
bg_coco_000000195952.jpg,val
bg_coco_000000105844.jpg,val
bg_coco_000000228683.jpg,val
bg_coco_000000549709.jpg,val
bg_coco_000000034430.jpg,val
bg_coco_000000281027.jpg,val
bg_coco_000000058351.jpg,val
bg_coco_000000367891.jpg,val
bg_coco_000000009175.jpg,val
bg_coco_000000444203.jpg,val
bg_coco_000000122335.jpg,val
bg_coco_000000205089.jpg,val
bg_coco_000000519565.jpg,val
bg_coco_000000315378.jpg,val
bg_coco_000000293757.jpg,val
bg_coco_000000512400.jpg,val
bg_coco_000000260500.jpg,val
bg_coco_000000405635.jpg,val
bg_coco_000000450383.jpg,val
bg_coco_000000331278.jpg,val
bg_coco_000000377195.jpg,val
bg_coco_000000009656.jpg,val
bg_coco_000000140690.jpg,val
bg_coco_000000527497.jpg,val
bg_coco_000000357322.jpg,val
bg_coco_000000470604.jpg,val
bg_coco_000000089973.jpg,val
bg_coco_000000578347.jpg,val
bg_coco_000000422240.jpg,val
bg_coco_000000283516.jpg,val
bg_coco_000000129832.jpg,val
bg_coco_000000126925.jpg,val
bg_coco_000000539163.jpg,val
bg_coco_000000043345.jpg,val
bg_coco_000000169250.jpg,val
bg_coco_000000535457.jpg,val
bg_coco_000000134100.jpg,val
bg_coco_000000451095.jpg,val
bg_coco_000000375509.jpg,val
bg_coco_000000295728.jpg,val
bg_coco_000000563625.jpg,val
bg_coco_000000165199.jpg,val
bg_coco_000000551403.jpg,val
bg_coco_000000078085.jpg,val
bg_coco_000000470541.jpg,val
bg_coco_000000028874.jpg,val
bg_coco_000000373645.jpg,val
bg_coco_000000401232.jpg,val
bg_coco_000000549910.jpg,val
bg_coco_000000146623.jpg,val
bg_coco_000000353594.jpg,val
bg_coco_000000289690.jpg,val
bg_coco_000000246563.jpg,val
bg_coco_000000510790.jpg,val
bg_coco_000000052943.jpg,val
bg_coco_000000182179.jpg,val
bg_coco_000000051027.jpg,val
bg_coco_000000213132.jpg,val
bg_coco_000000078176.jpg,val
bg_coco_000000491282.jpg,val
bg_coco_000000343737.jpg,val
bg_coco_000000433202.jpg,val
bg_coco_000000018224.jpg,val
bg_coco_000000540988.jpg,val
bg_coco_000000045197.jpg,val
bg_coco_000000174527.jpg,val
bg_coco_000000384337.jpg,val
bg_coco_000000095828.jpg,val
bg_coco_000000152237.jpg,val
bg_coco_000000160589.jpg,val
bg_coco_000000017482.jpg,val
bg_coco_000000479557.jpg,val
bg_coco_000000027345.jpg,val
bg_coco_000000089350.jpg,val
bg_coco_000000304079.jpg,val
bg_coco_000000069653.jpg,val
bg_coco_000000577934.jpg,val
bg_coco_000000092601.jpg,val
bg_coco_000000457037.jpg,val
bg_coco_000000479941.jpg,val
bg_coco_000000154927.jpg,val
bg_coco_000000502360.jpg,val
bg_coco_000000096983.jpg,val
bg_coco_000000020509.jpg,val
bg_coco_000000054273.jpg,val
bg_coco_000000541901.jpg,val
bg_coco_000000476706.jpg,val
bg_coco_000000424788.jpg,val
bg_coco_000000502214.jpg,val
bg_coco_000000455020.jpg,val
bg_coco_000000034196.jpg,val
bg_coco_000000180463.jpg,test
bg_coco_000000115378.jpg,test
bg_coco_000000576072.jpg,test
bg_coco_000000045771.jpg,test
bg_coco_000000343933.jpg,test
bg_coco_000000567346.jpg,test
bg_coco_000000136445.jpg,test
bg_coco_000000305422.jpg,test
bg_coco_000000182098.jpg,test
bg_coco_000000089909.jpg,test
bg_coco_000000221540.jpg,test
bg_coco_000000012085.jpg,test
bg_coco_000000198561.jpg,test
bg_coco_000000156710.jpg,test
bg_coco_000000280873.jpg,test
bg_coco_000000499376.jpg,test
bg_coco_000000464675.jpg,test
bg_coco_000000389673.jpg,test
bg_coco_000000089188.jpg,test
bg_coco_000000563827.jpg,test
bg_coco_000000270443.jpg,test
bg_coco_000000062850.jpg,test
bg_coco_000000294133.jpg,test
bg_coco_000000557678.jpg,test
bg_coco_000000506311.jpg,test
bg_coco_000000521907.jpg,test
bg_coco_000000393950.jpg,test
bg_coco_000000361994.jpg,test
bg_coco_000000224670.jpg,test
bg_coco_000000459136.jpg,test
bg_coco_000000338242.jpg,test
bg_coco_000000467460.jpg,test
bg_coco_000000541229.jpg,test
bg_coco_000000178084.jpg,test
bg_coco_000000193222.jpg,test
bg_coco_000000414487.jpg,test
bg_coco_000000224702.jpg,test
bg_coco_000000416660.jpg,test
bg_coco_000000318401.jpg,test
bg_coco_000000544690.jpg,test
bg_coco_000000429061.jpg,test
bg_coco_000000556707.jpg,test
bg_coco_000000061314.jpg,test
bg_coco_000000028674.jpg,test
bg_coco_000000118073.jpg,test
bg_coco_000000101860.jpg,test
bg_coco_000000540789.jpg,test
bg_coco_000000068418.jpg,test
bg_coco_000000050878.jpg,test
bg_coco_000000381261.jpg,test
bg_coco_000000213477.jpg,test
bg_coco_000000518218.jpg,test
bg_coco_000000485131.jpg,test
bg_coco_000000024712.jpg,test
bg_coco_000000153013.jpg,test
bg_coco_000000155941.jpg,test
bg_coco_000000150746.jpg,test
bg_coco_000000237697.jpg,test
bg_coco_000000197458.jpg,test
bg_coco_000000456286.jpg,test
bg_coco_000000264532.jpg,test
bg_coco_000000313449.jpg,test
bg_coco_000000470536.jpg,test
bg_coco_000000070067.jpg,test
bg_coco_000000358378.jpg,test
bg_coco_000000235591.jpg,test
bg_coco_000000464812.jpg,test
bg_coco_000000434782.jpg,test
bg_coco_000000477298.jpg,test
bg_coco_000000169243.jpg,test
bg_coco_000000429033.jpg,test
bg_coco_000000278135.jpg,test
bg_coco_000000434900.jpg,test
bg_coco_000000097423.jpg,test
bg_coco_000000562015.jpg,test
bg_coco_000000238138.jpg,test
bg_coco_000000437119.jpg,test
bg_coco_000000246875.jpg,test
bg_coco_000000083065.jpg,test
bg_coco_000000391410.jpg,test
bg_coco_000000405250.jpg,test
bg_coco_000000266504.jpg,test
bg_coco_000000061524.jpg,test
bg_coco_000000069383.jpg,test
bg_coco_000000359704.jpg,test
bg_coco_000000432420.jpg,test
bg_coco_000000111807.jpg,test
bg_coco_000000194876.jpg,test
bg_coco_000000182527.jpg,test
bg_coco_000000449094.jpg,test
bg_coco_000000157176.jpg,test
bg_coco_000000046331.jpg,test
bg_coco_000000560620.jpg,test
bg_coco_000000271943.jpg,test
bg_coco_000000199487.jpg,test
bg_coco_000000278639.jpg,test
bg_coco_000000394866.jpg,test
bg_coco_000000484150.jpg,test
bg_coco_000000000595.jpg,test
bg_coco_000000494900.jpg,test
bg_coco_000000532013.jpg,test
bg_coco_000000564708.jpg,test
bg_coco_000000323115.jpg,test
bg_coco_000000572499.jpg,test
bg_coco_000000072077.jpg,test
bg_coco_000000010083.jpg,test
bg_coco_000000435549.jpg,test
bg_coco_000000046114.jpg,test
bg_coco_000000213577.jpg,test
bg_coco_000000414244.jpg,test
bg_coco_000000357362.jpg,test
bg_coco_000000382668.jpg,test
bg_coco_000000437618.jpg,test
bg_coco_000000170311.jpg,test
bg_coco_000000506007.jpg,test
bg_coco_000000483130.jpg,test
bg_coco_000000264085.jpg,test
bg_coco_000000351479.jpg,test
bg_coco_000000291834.jpg,test
bg_coco_000000077553.jpg,test
bg_coco_000000443723.jpg,test
bg_coco_000000377983.jpg,test
bg_coco_000000276418.jpg,test
bg_coco_000000545088.jpg,test
bg_coco_000000054173.jpg,test
bg_coco_000000076170.jpg,test
bg_coco_000000259149.jpg,test
bg_coco_000000115772.jpg,test
bg_coco_000000476360.jpg,test
bg_coco_000000561495.jpg,test
bg_coco_000000423715.jpg,test
bg_coco_000000204800.jpg,test
bg_coco_000000489099.jpg,test
bg_coco_000000073022.jpg,test
bg_coco_000000109835.jpg,test
bg_coco_000000230164.jpg,test
bg_coco_000000109338.jpg,test
bg_coco_000000402305.jpg,test
bg_coco_000000179805.jpg,test
bg_coco_000000461963.jpg,test
bg_coco_000000295359.jpg,test
bg_coco_000000382356.jpg,test
bg_coco_000000248643.jpg,test
bg_coco_000000328008.jpg,test
bg_coco_000000389541.jpg,test
bg_coco_000000406792.jpg,test
bg_coco_000000212780.jpg,test
bg_coco_000000030148.jpg,test
bg_coco_000000338948.jpg,test
bg_coco_000000313593.jpg,test
