split_group,dest,images
0d0647b2993d7cbc685d,test,1
f6aa9babf784f5546c6f,test,1
00087a7f0b8c4ff70584,test,1
054d5aede25fe1ab3945,test,1
c141f8893206a3fe396a,test,1
44b51f2cbd27cbc17ad1,test,2
01fa6226b10f8fc54c74,test,1
035dec5662ebe5e517bc,test,1
058e556c9d885cbd5206,test,1
079445453fa59724e709,test,1
079e0bf65d54a83189fe,test,1
090448255e86796a529a,test,1
46a7f4f7a1b72e3ca057,test,1
46f6a87623f7a83921ea,test,1
55c2a46a035965a9195f,test,1
863f563f4ebaff52cd68,test,1
86fe390433a16c478345,test,1
89b4e749b1eaffa484d4,test,1
a23d677c91f2ee339b55,test,1
a9650f5b21175c887c93,test,1
fde87be96924d61ae307,test,1
7f0d42055595a436ed78,test,2
b2846301a6561e2ec498,test,2
6496aaef04bebea6398b,test,105
1fb6348d69a05cfc1f30,test,100
2006ff4ba2ea1f924bb3,test,100
25977ed852b39b68f570,test,100
351d06049070d6e174e3,test,100
743b1f1eeb6d446730fd,test,80
ca3c48eb08593735c248,test,80
a7bf34e6ee3d335a6ac1,test,60
388d244b2c9993c2aa63,test,45
032c21b34fbe34359d1c,test,30
04f60cf3598da0ac8cc7,test,30
078a7f2e5ef89d5e3ec8,test,30
9db30cbb8b4e9774f298,test,21
a2db392f44d9e745623f,test,21
6a2611f9147cf55b81c5,test,11
01352165a568714da17f,test,5
52f326d27dec86701a7e,test,5
8466a8d8c74ddc05e860,test,5
857671e29de08c737b57,test,5
87f10f94d70a88436a0e,test,5
aceff9cbed246db0b478,test,5
f705b6e9866220c53eea,test,5
58f9aa85512130f7bd11,test,4
8babc0903ecfcbaab91d,test,4
93c1f9a7e0f31a169bf9,test,4
991c0b0bba5330a10efe,test,4
9ded95508a5c9970b810,test,4
a4618f49a4a55cb288a2,test,4
a59615bb9977dfc7bd7a,test,4
a743bf39d8dd195ed833,test,4
aac08e4247f3aae4d16e,test,4
b67c426fd6b7488e360c,test,4
bd03cdb4faf6504c204c,test,4
c717392cc362e386bec7,test,4
c92618fa728199a67994,test,4
cb5c59f9cf401e1da8e1,test,4
cce4b15ff46ad865854c,test,4
d44048059872a1eb5e4f,test,4
d562a0067fbf253d933f,test,4
e1bd814bcf191b611544,test,4
e672b78e9e53f69fce5a,test,4
e67fd30199e681897157,test,4
e7d496e50abf6b3023ff,test,4
e8fee2d036125a6dc0d1,test,4
ec79d3618639e7f8e2ef,test,4
ece5499ee60cb9611fa5,test,4
eda2d221be82a97dba07,test,4
ee29a038c5d6fea3f69b,test,4
fa350e9bd066b6fc8783,test,4
fb05d94c6775ae71fd86,test,4
fe3aa3682f2b39f655d4,test,4
fea033159dec4f6821f6,test,4
efa54cf299092632aa21,test,3
055b71a70cefae7b1061,test,2
05e4ef7299567266c895,test,2
0d9262b7fa65fe78cab3,test,2
0ea1b586ff10b41d5669,test,2
0f3ed3617a766066fe0d,test,2
169f75b4fb8e16e49f6a,test,2
1903eeeeeadb24daf454,test,2
1ac88246430a4644ee6c,test,2
2636fc5ae07a546def44,test,2
2d201e5d2f15a8260446,test,2
3229af1e4dbc70dcee2a,test,2
37889a0f8d4bee2f34f7,test,2
38d442e478183f30662f,test,2
3b2269a71e95016ba463,test,2
433b0e1d5a2bfea25897,test,2
4493c82719cf518cda6d,test,2
49cf8e948eae7a4c3b3b,test,2
4c940d4e5bc81d715f39,test,2
4d0f70b4ef3e344d9217,test,2
50266348e11daac239a2,test,2
510fb7a726c236a73134,test,2
53e8b54d91ffb6376de6,test,2
556aa997631d67d51f67,test,2
56c3f50445c49a2d61cc,test,2
573de9d77c4f05175483,test,2
580128f7811097c4a225,test,2
58349df9fe470fe283aa,test,2
58b46894a78ce5b0dd6d,test,2
5960d3460714007d8ea7,test,2
5ae8e224545d32f0d7ad,test,2
5b16376abb507d2acbcc,test,2
5cd46fbafd1273c031c0,test,2
5dddd29bf1be6418d772,test,2
6049d5b3805c99397e48,test,2
609ff6e8a8fcb307bc8d,test,2
610049f03d978ac330fe,test,2
61eb294033a5fb59c0cc,test,2
629c61fb8a8d8d08cb0e,test,2
62e7b45cc0c8391619dd,test,2
6417e0a1d8d6992dc241,test,2
643a2c047820f1b52659,test,2
dfbe4c433cc48f4bdf08,test,2
0007f3eac7ed74e6b951,test,1
b01fcd390618619f3bb6,val,2
033b2a2ef51982d4bfc6,val,1
09c36d8eedf37a645bc1,val,1
0c78f1f95ffedb46b134,val,1
0d9336220ea645539b6c,val,1
0ebf75bf07b4b2e550cd,val,1
160cd025abbfed881e6b,val,1
1649f959e9d7125ce31f,val,1
0b4015565aacc807c2ea,val,1
0ec4d4f9f70983adff6f,val,1
0f5c4c627b06197686cd,val,1
1664813cb335c4c119ae,val,1
1cb2609ac1c9da3cf375,val,1
29d4c4a5bbcb9e1e3796,val,1
0921a9c5a04f7f4d8cac,val,1
0b7db3b49d007783eaf9,val,1
0e9de837ccdf1584ce34,val,1
0eb1af7545a5135565e8,val,1
0f510111d63b415be211,val,1
10664efa42b2149d246f,val,1
127cf21f79526c2fc344,val,1
1334b82f7ad0e16cb1fd,val,1
152193c3f715bdc6a143,val,1
15608d75de277dea70af,val,1
158dd8a04306c4130b18,val,1
169e1a514b58b7371093,val,1
16e5ff3b1cbe6237510c,val,1
17a852ad2d3ffe878faa,val,1
e7eef04c3890c1e8fac0,val,2
3baf58f550202e45e008,val,1154
4078fade08f4ab7e4443,val,100
4bd51300eb67c6ce48d2,val,100
56c0518c23fffcd8d8fa,val,100
7a00d3b7257cafb10631,val,100
b3911fa8ab968c509272,val,100
ca6bfcb39fd4420dc88e,val,100
d4461787b6ec25b81083,val,100
0cd8f0b95fe148b4af5f,val,30
029bba6a4a99d91d3cc6,val,15
166909f40e3bf3d13400,val,10
6d7a42ff3ee863603cda,val,10
29756492ddd57c0c94c7,val,9
58ff8f1b918ab31c338c,val,9
4b67f4484b2f55639df5,val,8
6a8d8150a5ce14a2d752,val,8
031740102166f402f978,val,5
0006afb9a77db07444f0,val,1
002c25d2759b94249cc0,val,1
