epoch,time,train/box_loss,train/cls_loss,train/l1_loss,metrics/precision(B),metrics/recall(B),metrics/mAP50(B),metrics/mAP50-95(B),val/box_loss,val/cls_loss,val/l1_loss,lr/pg0,lr/pg1,lr/pg2,lr/pg3,lr/pg4,lr/pg5,lr/pg6,lr/pg7
1,796.234,0.72267,1.60658,0.00804,0.8407,0.77203,0.85071,0.74106,0.53377,0.67561,0.00638,0.00999663,0.00333221,0.00999663,0.00333221,0.00999663,0.00333221,0.00999663,0.00333221
2,1552.75,0.80632,1.04215,0.00922,0.8193,0.76206,0.83185,0.72542,0.56705,0.71412,0.00705,0.0197987,0.00659955,0.0197987,0.00659955,0.0197987,0.00659955,0.0197987,0.00659955
3,2294.04,0.91203,1.12536,0.01044,0.85285,0.74443,0.83452,0.71689,0.6244,0.69279,0.00781,0.0294027,0.0098009,0.0294027,0.0098009,0.0294027,0.0098009,0.0294027,0.0098009
4,3033.38,0.95743,1.14347,0.011,0.86406,0.786,0.86198,0.75671,0.56803,0.59788,0.00688,0.029109,0.009703,0.029109,0.009703,0.029109,0.009703,0.029109,0.009703
5,3774.17,0.91221,1.03842,0.0103,0.87436,0.78906,0.87047,0.77062,0.53953,0.54775,0.00654,0.028812,0.009604,0.028812,0.009604,0.028812,0.009604,0.028812,0.009604
6,4512.65,0.88063,0.97003,0.00985,0.87396,0.80959,0.8786,0.78611,0.51177,0.51855,0.00614,0.028515,0.009505,0.028515,0.009505,0.028515,0.009505,0.028515,0.009505
7,5250.97,0.8527,0.92097,0.00948,0.88502,0.80436,0.88462,0.79639,0.4912,0.49602,0.00586,0.028218,0.009406,0.028218,0.009406,0.028218,0.009406,0.028218,0.009406
8,5989.19,0.83679,0.89204,0.00923,0.8949,0.82411,0.89806,0.80938,0.48093,0.45763,0.00575,0.027921,0.009307,0.027921,0.009307,0.027921,0.009307,0.027921,0.009307
9,6727.46,0.82384,0.86307,0.0091,0.89369,0.83004,0.89637,0.81194,0.47121,0.45378,0.0056,0.027624,0.009208,0.027624,0.009208,0.027624,0.009208,0.027624,0.009208
10,7463.81,0.80776,0.83734,0.00891,0.8957,0.82681,0.89882,0.81639,0.46291,0.44751,0.00552,0.027327,0.009109,0.027327,0.009109,0.027327,0.009109,0.027327,0.009109
11,8199.12,0.80017,0.82001,0.00878,0.90056,0.82893,0.90035,0.82053,0.45299,0.44405,0.00537,0.02703,0.00901,0.02703,0.00901,0.02703,0.00901,0.02703,0.00901
12,8938.34,0.79032,0.80393,0.00867,0.89808,0.83748,0.90406,0.82461,0.45161,0.43162,0.00531,0.026733,0.008911,0.026733,0.008911,0.026733,0.008911,0.026733,0.008911
13,9679.41,0.78448,0.79329,0.00854,0.90542,0.83153,0.90225,0.82398,0.44616,0.42869,0.00527,0.026436,0.008812,0.026436,0.008812,0.026436,0.008812,0.026436,0.008812
14,10420,0.77516,0.76984,0.00845,0.90253,0.84187,0.9068,0.82886,0.44061,0.41456,0.00522,0.026139,0.008713,0.026139,0.008713,0.026139,0.008713,0.026139,0.008713
15,11157.7,0.76749,0.75153,0.00838,0.91187,0.83906,0.90874,0.83193,0.43641,0.40711,0.00518,0.025842,0.008614,0.025842,0.008614,0.025842,0.008614,0.025842,0.008614
16,11895.4,0.76403,0.74726,0.00826,0.90694,0.84653,0.91012,0.83331,0.43272,0.41,0.0051,0.025545,0.008515,0.025545,0.008515,0.025545,0.008515,0.025545,0.008515
17,12630.3,0.75824,0.73551,0.0082,0.90994,0.84354,0.91055,0.83521,0.43109,0.40833,0.00508,0.025248,0.008416,0.025248,0.008416,0.025248,0.008416,0.025248,0.008416
18,13372.5,0.75633,0.73104,0.00815,0.91374,0.8409,0.90992,0.83455,0.42885,0.40501,0.00505,0.024951,0.008317,0.024951,0.008317,0.024951,0.008317,0.024951,0.008317
19,14110.5,0.75053,0.7299,0.00816,0.91644,0.84224,0.91035,0.83571,0.42741,0.40473,0.00503,0.024654,0.008218,0.024654,0.008218,0.024654,0.008218,0.024654,0.008218
20,14852.1,0.74683,0.71531,0.00807,0.9089,0.84912,0.91092,0.83696,0.42508,0.40196,0.00501,0.024357,0.008119,0.024357,0.008119,0.024357,0.008119,0.024357,0.008119
21,15591.6,0.74696,0.70702,0.00808,0.91016,0.84936,0.91146,0.8372,0.42413,0.40219,0.00499,0.02406,0.00802,0.02406,0.00802,0.02406,0.00802,0.02406,0.00802
22,16331.5,0.74624,0.70506,0.00805,0.9077,0.85277,0.91187,0.83814,0.42316,0.40147,0.00498,0.023763,0.007921,0.023763,0.007921,0.023763,0.007921,0.023763,0.007921
23,17069.2,0.74057,0.69497,0.00802,0.91065,0.85036,0.91185,0.83843,0.42218,0.39996,0.00497,0.023466,0.007822,0.023466,0.007822,0.023466,0.007822,0.023466,0.007822
24,17807.8,0.73775,0.69198,0.008,0.90823,0.85105,0.91287,0.83972,0.42209,0.39864,0.00497,0.023169,0.007723,0.023169,0.007723,0.023169,0.007723,0.023169,0.007723
25,18549,0.7353,0.68709,0.00788,0.90765,0.85269,0.91231,0.83954,0.4214,0.39933,0.00496,0.022872,0.007624,0.022872,0.007624,0.022872,0.007624,0.022872,0.007624
26,19290.4,0.72875,0.68037,0.00786,0.91021,0.84978,0.91303,0.84018,0.42109,0.3984,0.00495,0.022575,0.007525,0.022575,0.007525,0.022575,0.007525,0.022575,0.007525
27,20028.9,0.72983,0.66672,0.00785,0.91091,0.85122,0.91347,0.84078,0.42113,0.39717,0.00496,0.022278,0.007426,0.022278,0.007426,0.022278,0.007426,0.022278,0.007426
28,20765.6,0.72741,0.66598,0.0079,0.91001,0.85312,0.91357,0.84077,0.42038,0.39744,0.00496,0.021981,0.007327,0.021981,0.007327,0.021981,0.007327,0.021981,0.007327
29,21501.3,0.71895,0.66036,0.00773,0.90953,0.85396,0.91378,0.84105,0.41996,0.39683,0.00496,0.021684,0.007228,0.021684,0.007228,0.021684,0.007228,0.021684,0.007228
30,22228.2,0.71902,0.65166,0.00774,0.90667,0.85751,0.91395,0.84155,0.41894,0.3972,0.00494,0.021387,0.007129,0.021387,0.007129,0.021387,0.007129,0.021387,0.007129
31,22949.2,0.71668,0.64537,0.0077,0.90631,0.85962,0.9146,0.84208,0.41913,0.39521,0.00494,0.02109,0.00703,0.02109,0.00703,0.02109,0.00703,0.02109,0.00703
32,23685.6,0.71845,0.64797,0.00769,0.90612,0.86106,0.91479,0.84229,0.41892,0.39454,0.00494,0.020793,0.006931,0.020793,0.006931,0.020793,0.006931,0.020793,0.006931
33,24425.4,0.71695,0.64524,0.00768,0.90069,0.86588,0.91485,0.84241,0.4192,0.39409,0.00495,0.020496,0.006832,0.020496,0.006832,0.020496,0.006832,0.020496,0.006832
34,25164.2,0.71229,0.63908,0.00763,0.90064,0.86696,0.91382,0.84202,0.4192,0.39312,0.00496,0.020199,0.006733,0.020199,0.006733,0.020199,0.006733,0.020199,0.006733
35,25902.9,0.70946,0.63594,0.00761,0.90082,0.86755,0.91447,0.84203,0.41881,0.39221,0.00495,0.019902,0.006634,0.019902,0.006634,0.019902,0.006634,0.019902,0.006634
36,26636.7,0.70603,0.63138,0.00755,0.90651,0.86192,0.91509,0.84265,0.41882,0.38989,0.00496,0.019605,0.006535,0.019605,0.006535,0.019605,0.006535,0.019605,0.006535
37,27374.4,0.7051,0.62734,0.00755,0.90979,0.86027,0.91532,0.843,0.41791,0.3894,0.00495,0.019308,0.006436,0.019308,0.006436,0.019308,0.006436,0.019308,0.006436
38,28109,0.70262,0.61505,0.00752,0.91167,0.85748,0.91546,0.84307,0.41755,0.39079,0.00494,0.019011,0.006337,0.019011,0.006337,0.019011,0.006337,0.019011,0.006337
39,28850.2,0.70118,0.61563,0.0075,0.91201,0.85744,0.91577,0.84361,0.41725,0.39004,0.00494,0.018714,0.006238,0.018714,0.006238,0.018714,0.006238,0.018714,0.006238
40,29592.5,0.69973,0.60771,0.00753,0.91326,0.85705,0.9159,0.84379,0.41726,0.38975,0.00494,0.018417,0.006139,0.018417,0.006139,0.018417,0.006139,0.018417,0.006139
41,30332.5,0.69812,0.60724,0.00749,0.91406,0.85711,0.91597,0.84436,0.41712,0.38981,0.00494,0.01812,0.00604,0.01812,0.00604,0.01812,0.00604,0.01812,0.00604
42,31073.3,0.69675,0.60763,0.0074,0.91863,0.85371,0.91612,0.84475,0.41685,0.39006,0.00494,0.017823,0.005941,0.017823,0.005941,0.017823,0.005941,0.017823,0.005941
43,31812.1,0.69113,0.5961,0.00737,0.9171,0.8553,0.91646,0.84506,0.41562,0.38813,0.00493,0.017526,0.005842,0.017526,0.005842,0.017526,0.005842,0.017526,0.005842
44,32550.9,0.69376,0.59912,0.00744,0.91566,0.85673,0.91573,0.84526,0.41542,0.38603,0.00493,0.017229,0.005743,0.017229,0.005743,0.017229,0.005743,0.017229,0.005743
45,33290.7,0.68979,0.58983,0.00735,0.91547,0.85731,0.91667,0.84562,0.4152,0.3863,0.00493,0.016932,0.005644,0.016932,0.005644,0.016932,0.005644,0.016932,0.005644
46,34031.8,0.6864,0.58855,0.00735,0.91494,0.85756,0.91623,0.84577,0.41527,0.38499,0.00493,0.016635,0.005545,0.016635,0.005545,0.016635,0.005545,0.016635,0.005545
47,34772.5,0.68346,0.58085,0.00727,0.90738,0.86606,0.91627,0.84627,0.41495,0.38513,0.00493,0.016338,0.005446,0.016338,0.005446,0.016338,0.005446,0.016338,0.005446
48,35514.8,0.68023,0.57441,0.00726,0.91657,0.85773,0.91665,0.84677,0.41428,0.3844,0.00492,0.016041,0.005347,0.016041,0.005347,0.016041,0.005347,0.016041,0.005347
49,36248.8,0.67989,0.57609,0.00727,0.92028,0.85526,0.91728,0.8473,0.41336,0.38244,0.00491,0.015744,0.005248,0.015744,0.005248,0.015744,0.005248,0.015744,0.005248
50,36984.4,0.67403,0.56733,0.00721,0.91865,0.85763,0.91778,0.84747,0.41272,0.38464,0.0049,0.015447,0.005149,0.015447,0.005149,0.015447,0.005149,0.015447,0.005149
51,37723.1,0.67697,0.56437,0.00725,0.90797,0.86769,0.91782,0.84763,0.41209,0.38548,0.00489,0.01515,0.00505,0.01515,0.00505,0.01515,0.00505,0.01515,0.00505
52,38463.8,0.6712,0.55491,0.00717,0.90858,0.86775,0.9179,0.84778,0.41164,0.38542,0.00488,0.014853,0.004951,0.014853,0.004951,0.014853,0.004951,0.014853,0.004951
53,39204.3,0.66503,0.55221,0.00705,0.90965,0.86657,0.91812,0.84824,0.41127,0.38514,0.00488,0.014556,0.004852,0.014556,0.004852,0.014556,0.004852,0.014556,0.004852
54,39942.8,0.66597,0.54725,0.00708,0.91662,0.85954,0.91815,0.84859,0.41117,0.38604,0.00489,0.014259,0.004753,0.014259,0.004753,0.014259,0.004753,0.014259,0.004753
55,40680.4,0.66248,0.54269,0.00699,0.91732,0.85992,0.91835,0.84882,0.41123,0.38904,0.00489,0.013962,0.004654,0.013962,0.004654,0.013962,0.004654,0.013962,0.004654
56,41414.7,0.66012,0.53471,0.00699,0.91381,0.86404,0.91847,0.84889,0.41062,0.38629,0.00489,0.013665,0.004555,0.013665,0.004555,0.013665,0.004555,0.013665,0.004555
57,42153.5,0.66209,0.54069,0.00701,0.91372,0.86564,0.91893,0.84895,0.41034,0.38231,0.00489,0.013368,0.004456,0.013368,0.004456,0.013368,0.004456,0.013368,0.004456
58,42890.9,0.65377,0.52688,0.00695,0.91244,0.86824,0.91844,0.84939,0.40936,0.38199,0.00488,0.013071,0.004357,0.013071,0.004357,0.013071,0.004357,0.013071,0.004357
59,43630.3,0.65006,0.52655,0.00692,0.91434,0.86635,0.91864,0.84961,0.40839,0.38228,0.00488,0.012774,0.004258,0.012774,0.004258,0.012774,0.004258,0.012774,0.004258
60,44371,0.65154,0.52549,0.0069,0.91419,0.8676,0.9189,0.84967,0.40795,0.3798,0.00487,0.012477,0.004159,0.012477,0.004159,0.012477,0.004159,0.012477,0.004159
61,45113.5,0.644,0.52408,0.00684,0.9149,0.86666,0.91907,0.84989,0.40711,0.3798,0.00486,0.01218,0.00406,0.01218,0.00406,0.01218,0.00406,0.01218,0.00406
62,45848.1,0.64218,0.52035,0.00681,0.91375,0.8678,0.91917,0.85069,0.40674,0.38043,0.00485,0.011883,0.003961,0.011883,0.003961,0.011883,0.003961,0.011883,0.003961
63,46593.6,0.63954,0.51205,0.00671,0.91199,0.87043,0.91928,0.85098,0.40591,0.38038,0.00484,0.011586,0.003862,0.011586,0.003862,0.011586,0.003862,0.011586,0.003862
64,47333.8,0.63738,0.50049,0.00671,0.91321,0.86973,0.91935,0.85074,0.4047,0.37967,0.00483,0.011289,0.003763,0.011289,0.003763,0.011289,0.003763,0.011289,0.003763
65,48071.7,0.63623,0.49595,0.00669,0.91262,0.87133,0.91842,0.85037,0.40361,0.38051,0.0048,0.010992,0.003664,0.010992,0.003664,0.010992,0.003664,0.010992,0.003664
66,48813.1,0.63108,0.4891,0.00663,0.91376,0.87168,0.91834,0.85057,0.40256,0.38129,0.0048,0.010695,0.003565,0.010695,0.003565,0.010695,0.003565,0.010695,0.003565
67,49551.4,0.62811,0.4845,0.00663,0.91437,0.87142,0.91953,0.85165,0.40186,0.38138,0.00479,0.010398,0.003466,0.010398,0.003466,0.010398,0.003466,0.010398,0.003466
68,50287.4,0.62694,0.47801,0.00661,0.91398,0.87098,0.91849,0.85095,0.40098,0.38398,0.00478,0.010101,0.003367,0.010101,0.003367,0.010101,0.003367,0.010101,0.003367
69,51022.4,0.62201,0.47607,0.00651,0.91631,0.86937,0.91874,0.85142,0.4003,0.38433,0.00477,0.009804,0.003268,0.009804,0.003268,0.009804,0.003268,0.009804,0.003268
70,51754.8,0.61643,0.47255,0.00649,0.91411,0.87298,0.91896,0.85197,0.39977,0.38211,0.00476,0.009507,0.003169,0.009507,0.003169,0.009507,0.003169,0.009507,0.003169
71,52494.5,0.61544,0.47088,0.00646,0.91539,0.87208,0.9186,0.85199,0.39958,0.37977,0.00476,0.00921,0.00307,0.00921,0.00307,0.00921,0.00307,0.00921,0.00307
72,53233.4,0.6104,0.46169,0.00642,0.9157,0.87254,0.9187,0.8524,0.39922,0.38027,0.00476,0.008913,0.002971,0.008913,0.002971,0.008913,0.002971,0.008913,0.002971
73,53974.7,0.60843,0.45532,0.00638,0.91708,0.87057,0.91841,0.85244,0.39923,0.37676,0.00476,0.008616,0.002872,0.008616,0.002872,0.008616,0.002872,0.008616,0.002872
74,54712.2,0.60569,0.45049,0.00636,0.91771,0.87145,0.91849,0.85255,0.39882,0.37705,0.00476,0.008319,0.002773,0.008319,0.002773,0.008319,0.002773,0.008319,0.002773
75,55447.8,0.59943,0.44668,0.00631,0.91934,0.8697,0.9185,0.85291,0.39817,0.37805,0.00475,0.008022,0.002674,0.008022,0.002674,0.008022,0.002674,0.008022,0.002674
76,56182.7,0.59676,0.44091,0.00622,0.92065,0.86938,0.91865,0.85305,0.39792,0.37542,0.00475,0.007725,0.002575,0.007725,0.002575,0.007725,0.002575,0.007725,0.002575
77,56923.5,0.59476,0.43216,0.0062,0.92027,0.87042,0.9188,0.85317,0.39764,0.37555,0.00474,0.007428,0.002476,0.007428,0.002476,0.007428,0.002476,0.007428,0.002476
78,57665.2,0.58855,0.42965,0.0061,0.92013,0.87142,0.91865,0.85347,0.39753,0.37326,0.00475,0.007131,0.002377,0.007131,0.002377,0.007131,0.002377,0.007131,0.002377
79,58403.5,0.58527,0.41785,0.00612,0.92038,0.87182,0.9188,0.85347,0.39737,0.37307,0.00474,0.006834,0.002278,0.006834,0.002278,0.006834,0.002278,0.006834,0.002278
80,59145.3,0.58194,0.41663,0.00605,0.92113,0.87237,0.91911,0.85353,0.39633,0.37432,0.00473,0.006537,0.002179,0.006537,0.002179,0.006537,0.002179,0.006537,0.002179
81,59881.1,0.58029,0.40808,0.00603,0.92331,0.8711,0.919,0.85355,0.39554,0.37415,0.00472,0.00624,0.00208,0.00624,0.00208,0.00624,0.00208,0.00624,0.00208
82,60624.3,0.57842,0.40588,0.006,0.92233,0.87146,0.91714,0.85304,0.39572,0.37478,0.00473,0.005943,0.001981,0.005943,0.001981,0.005943,0.001981,0.005943,0.001981
83,61360.1,0.57276,0.40024,0.00594,0.92168,0.87173,0.91648,0.85249,0.39505,0.37481,0.00472,0.005646,0.001882,0.005646,0.001882,0.005646,0.001882,0.005646,0.001882
84,62097.7,0.56434,0.3932,0.00584,0.92086,0.87264,0.91636,0.85292,0.39483,0.37677,0.00472,0.005349,0.001783,0.005349,0.001783,0.005349,0.001783,0.005349,0.001783
85,62830.3,0.56458,0.38603,0.00585,0.92061,0.8731,0.91604,0.85299,0.39468,0.3762,0.00472,0.005052,0.001684,0.005052,0.001684,0.005052,0.001684,0.005052,0.001684
86,63565.3,0.55878,0.38242,0.00577,0.92108,0.87304,0.9172,0.85352,0.39452,0.37585,0.00472,0.004755,0.001585,0.004755,0.001585,0.004755,0.001585,0.004755,0.001585
87,64300.8,0.55421,0.37704,0.00576,0.92146,0.87279,0.91604,0.85287,0.39351,0.37561,0.0047,0.004458,0.001486,0.004458,0.001486,0.004458,0.001486,0.004458,0.001486
88,65034.1,0.54933,0.36917,0.00568,0.92237,0.87243,0.91737,0.85355,0.39357,0.37419,0.0047,0.004161,0.001387,0.004161,0.001387,0.004161,0.001387,0.004161,0.001387
89,65765.2,0.5443,0.36462,0.0056,0.92308,0.87179,0.91734,0.85392,0.393,0.37412,0.00469,0.003864,0.001288,0.003864,0.001288,0.003864,0.001288,0.003864,0.001288
90,66494.5,0.54139,0.36174,0.00557,0.92709,0.86837,0.91737,0.85401,0.39248,0.37423,0.00469,0.003567,0.001189,0.003567,0.001189,0.003567,0.001189,0.003567,0.001189
91,67236.2,0.40254,0.22731,0.00486,0.92878,0.86661,0.9172,0.85386,0.39208,0.37405,0.00469,0.00327,0.00109,0.00327,0.00109,0.00327,0.00109,0.00327,0.00109
92,67969.4,0.3971,0.21887,0.00477,0.92905,0.86704,0.9168,0.85346,0.39183,0.37536,0.00469,0.002973,0.000991,0.002973,0.000991,0.002973,0.000991,0.002973,0.000991
93,68705.8,0.39494,0.21363,0.00473,0.92785,0.86763,0.91538,0.85257,0.39192,0.37621,0.00469,0.002676,0.000892,0.002676,0.000892,0.002676,0.000892,0.002676,0.000892
94,69439.5,0.3873,0.20537,0.00461,0.92652,0.86903,0.91478,0.85239,0.39133,0.37936,0.00468,0.002379,0.000793,0.002379,0.000793,0.002379,0.000793,0.002379,0.000793
95,70174.1,0.38092,0.20047,0.00448,0.92354,0.8717,0.91464,0.8521,0.39074,0.38052,0.00467,0.002082,0.000694,0.002082,0.000694,0.002082,0.000694,0.002082,0.000694
96,70906.4,0.37423,0.19278,0.00441,0.92359,0.87185,0.91428,0.85185,0.39065,0.38145,0.00468,0.001785,0.000595,0.001785,0.000595,0.001785,0.000595,0.001785,0.000595
97,71638.6,0.36927,0.18806,0.00433,0.92772,0.86866,0.91408,0.8514,0.3907,0.38307,0.00468,0.001488,0.000496,0.001488,0.000496,0.001488,0.000496,0.001488,0.000496
98,72369.2,0.36685,0.18505,0.00427,0.92811,0.8686,0.91393,0.85161,0.3904,0.38413,0.00468,0.001191,0.000397,0.001191,0.000397,0.001191,0.000397,0.001191,0.000397
99,73100.1,0.36208,0.18051,0.00421,0.92687,0.8704,0.91266,0.85059,0.39046,0.38534,0.00468,0.000894,0.000298,0.000894,0.000298,0.000894,0.000298,0.000894,0.000298
100,73830.5,0.35543,0.17679,0.00414,0.92731,0.86999,0.91234,0.85065,0.39029,0.38645,0.00468,0.000597,0.000199,0.000597,0.000199,0.000597,0.000199,0.000597,0.000199
